,blk_no,street,max_floor_lvl,year_completed,residential,commercial,market_hawker,miscellaneous,multistorey_carpark,precinct_pavilion,bldg_contract_town,total_dwelling_units,1room_sold,2room_sold,3room_sold,4room_sold,5room_sold,exec_sold,multigen_sold,studio_apartment_sold,1room_rental,2room_rental,3room_rental,other_room_rental
28,1,TAMPINES WALK,7,2016,N,N,N,Y,N,N,TAP,0,0,0,0,0,0,0,0,0,0,0,0,0
123,101,TAMPINES ST 11,11,1981,Y,N,N,Y,N,N,TAP,120,0,0,80,40,0,0,0,0,0,0,0,0
167,102,TAMPINES ST 11,11,1982,Y,N,N,N,N,N,TAP,140,0,0,90,50,0,0,0,0,0,0,0,0
206,103,TAMPINES ST 11,10,1982,Y,N,N,N,N,N,TAP,126,0,0,72,54,0,0,0,0,0,0,0,0
244,104,TAMPINES ST 11,11,1982,Y,N,N,N,N,N,TAP,119,0,0,78,40,0,1,0,0,0,0,0,0
290,105,TAMPINES ST 11,11,1982,Y,N,N,N,N,N,TAP,119,0,0,78,40,0,1,0,0,0,0,0,0
331,106,TAMPINES ST 11,11,1983,Y,N,N,Y,N,N,TAP,80,0,0,0,12,68,0,0,0,0,0,0,0
373,107,TAMPINES ST 11,10,1983,Y,Y,N,N,N,N,TAP,115,0,0,65,49,0,1,0,0,0,0,0,0
417,108,TAMPINES ST 11,11,1983,Y,N,N,N,N,N,TAP,120,0,0,80,40,0,0,0,0,0,0,0,0
458,109,TAMPINES ST 11,11,1983,Y,Y,N,Y,N,N,TAP,179,0,0,118,60,0,1,0,0,0,0,0,0
524,110,TAMPINES ST 11,11,1983,Y,N,N,N,N,N,TAP,119,0,0,78,40,0,1,0,0,0,0,0,0
562,111,TAMPINES ST 11,11,1983,Y,N,N,Y,N,N,TAP,160,0,0,100,60,0,0,0,0,0,0,0,0
600,112,TAMPINES ST 11,11,1981,Y,Y,N,Y,N,N,TAP,120,0,0,80,40,0,0,0,0,0,0,0,0
638,113,TAMPINES ST 11,9,1981,Y,N,N,Y,N,N,TAP,112,0,0,80,32,0,0,0,0,0,0,0,0
681,114,TAMPINES ST 11,11,1981,Y,N,N,Y,N,N,TAP,80,0,0,0,12,68,0,0,0,0,0,0,0
799,117,TAMPINES ST 11,11,2014,Y,N,N,Y,N,N,TAP,149,0,28,0,0,0,0,0,121,0,0,0,0
1093,124,TAMPINES ST 11,13,1985,Y,N,N,Y,N,N,TAP,96,0,0,0,0,0,96,0,0,0,0,0,0
1123,125,TAMPINES ST 11,13,1985,Y,N,N,N,N,N,TAP,72,0,0,0,0,0,72,0,0,0,0,0,0
1152,126,TAMPINES ST 11,10,1985,Y,N,N,N,N,N,TAP,93,0,0,0,13,80,0,0,0,0,0,0,0
1190,127,TAMPINES ST 11,10,1985,Y,N,N,N,N,N,TAP,108,0,0,0,16,92,0,0,0,0,0,0,0
1456,136,TAMPINES ST 11,2,1984,N,Y,N,N,N,N,TAP,0,0,0,0,0,0,0,0,0,0,0,0,0
1459,136A,TAMPINES ST 11,6,2016,N,N,N,N,Y,N,TAP,0,0,0,0,0,0,0,0,0,0,0,0,0
1474,137,TAMPINES ST 11,1,2006,N,N,Y,N,N,N,TAP,0,0,0,0,0,0,0,0,0,0,0,0,0
1478,137A,TAMPINES ST 11,1,1983,N,Y,N,N,N,N,TAP,0,0,0,0,0,0,0,0,0,0,0,0,0
1479,137B,TAMPINES ST 11,1,1983,N,Y,N,N,N,N,TAP,0,0,0,0,0,0,0,0,0,0,0,0,0
1480,137C,TAMPINES ST 11,1,1983,N,Y,N,N,N,N,TAP,0,0,0,0,0,0,0,0,0,0,0,0,0
1481,137D,TAMPINES ST 11,1,1983,N,Y,N,N,N,N,TAP,0,0,0,0,0,0,0,0,0,0,0,0,0
1497,138,TAMPINES ST 11,4,1983,Y,Y,N,N,N,N,TAP,83,0,0,80,0,0,3,0,0,0,0,0,0
1522,139,TAMPINES ST 11,4,1983,Y,Y,N,N,N,N,TAP,96,0,0,94,0,0,2,0,0,0,0,0,0
1567,140,TAMPINES ST 12,9,1984,Y,N,N,Y,N,N,TAP,114,0,0,0,114,0,0,0,0,0,0,0,0
1588,141,TAMPINES ST 12,11,1983,Y,N,N,N,N,N,TAP,120,0,0,0,120,0,0,0,0,0,0,0,0
1606,142,TAMPINES ST 12,11,1983,Y,Y,N,N,N,N,TAP,80,0,0,0,12,68,0,0,0,0,0,0,0
1626,143,TAMPINES ST 12,11,1983,Y,Y,N,N,N,N,TAP,80,0,0,0,12,68,0,0,0,0,0,0,0
1642,144,TAMPINES ST 12,11,1984,Y,Y,N,N,N,N,TAP,153,0,0,46,106,0,0,0,0,0,0,1,0
1659,145,TAMPINES ST 12,11,1984,Y,N,N,N,N,N,TAP,160,0,0,49,110,0,0,0,0,0,0,1,0
1676,146,TAMPINES AVE 5,11,1984,Y,N,N,N,N,N,TAP,78,0,0,0,0,0,78,0,0,0,0,0,0
1696,147,TAMPINES AVE 5,9,1984,Y,N,N,Y,N,N,TAP,92,0,0,0,0,0,92,0,0,0,0,0,0
1714,148,TAMPINES AVE 5,11,1984,Y,N,N,N,N,N,TAP,90,0,0,0,0,0,90,0,0,0,0,0,0
1730,149,TAMPINES ST 12,11,1983,Y,N,N,N,N,N,TAP,116,0,0,0,0,0,116,0,0,0,0,0,0
1769,150,TAMPINES ST 12,11,1983,Y,Y,N,Y,N,N,TAP,111,0,0,74,36,0,1,0,0,0,0,0,0
1787,151,TAMPINES ST 12,11,1983,Y,N,N,Y,N,N,TAP,116,0,0,0,0,0,116,0,0,0,0,0,0
1886,156,TAMPINES ST 12,11,1983,Y,N,N,Y,N,N,TAP,84,0,0,0,0,0,84,0,0,0,0,0,0
1905,157,TAMPINES ST 12,12,1983,Y,N,N,N,N,N,TAP,153,0,0,130,22,0,1,0,0,0,0,0,0
1926,158,TAMPINES ST 12,12,1983,Y,N,N,Y,N,N,TAP,110,0,0,0,110,0,0,0,0,0,0,0,0
1947,159,TAMPINES ST 12,12,1983,Y,N,N,Y,N,N,TAP,132,0,0,0,132,0,0,0,0,0,0,0,0
1985,160,TAMPINES ST 12,12,1983,Y,N,N,Y,N,N,TAP,88,0,0,0,12,76,0,0,0,0,0,0,0
2004,161,TAMPINES ST 12,11,1983,Y,N,N,N,N,N,TAP,160,0,0,50,110,0,0,0,0,0,0,0,0
2025,162,TAMPINES ST 12,11,1983,Y,N,N,Y,N,N,TAP,80,0,0,0,12,68,0,0,0,0,0,0,0
2044,163,TAMPINES ST 12,11,1983,Y,N,N,Y,N,N,TAP,120,0,0,0,120,0,0,0,0,0,0,0,0
2065,164,TAMPINES ST 12,11,1983,Y,Y,N,N,N,N,TAP,153,0,0,47,106,0,0,0,0,0,0,0,0
2081,165,TAMPINES ST 12,11,1983,Y,N,N,N,N,N,TAP,100,0,0,0,16,84,0,0,0,0,0,0,0
2100,166,TAMPINES ST 12,8,1983,Y,N,N,Y,N,N,TAP,102,0,0,0,102,0,0,0,0,0,0,0,0
2799,201,TAMPINES ST 21,1,1985,N,Y,N,N,N,N,TAP,0,0,0,0,0,0,0,0,0,0,0,0,0
2806,201A,TAMPINES ST 21,4,1985,Y,Y,N,N,N,N,TAP,13,0,0,13,0,0,0,0,0,0,0,0,0
2810,201B,TAMPINES ST 21,4,1985,Y,Y,N,N,N,N,TAP,36,0,0,36,0,0,0,0,0,0,0,0,0
2814,201C,TAMPINES ST 21,1,1985,N,Y,N,N,N,N,TAP,0,0,0,0,0,0,0,0,0,0,0,0,0
2818,201D,TAMPINES ST 21,4,1985,Y,Y,N,N,N,N,TAP,66,0,0,65,0,0,1,0,0,0,0,0,0
2819,201E,TAMPINES ST 23,4,1985,Y,Y,N,N,N,N,TAP,66,0,0,65,0,1,0,0,0,0,0,0,0
2820,201G,TAMPINES ST 21,1,1985,N,Y,N,N,N,N,TAP,0,0,0,0,0,0,0,0,0,0,0,0,0
2834,202,TAMPINES ST 21,11,1982,Y,N,N,N,N,N,TAP,140,0,0,100,40,0,0,0,0,0,0,0,0
2840,202A,TAMPINES ST 21,4,2011,N,N,N,N,Y,N,TAP,0,0,0,0,0,0,0,0,0,0,0,0,0
2861,203,TAMPINES ST 21,8,1982,Y,N,N,Y,N,N,TAP,84,0,0,56,28,0,0,0,0,0,0,0,0
2887,204,TAMPINES ST 21,11,1982,Y,N,N,N,N,N,TAP,120,0,0,66,0,0,0,0,0,20,20,14,0
2913,205,TAMPINES ST 21,9,1982,Y,N,N,Y,N,N,TAP,96,0,0,64,32,0,0,0,0,0,0,0,0
2935,206,TAMPINES ST 21,9,1981,Y,N,N,N,N,N,TAP,96,0,0,64,32,0,0,0,0,0,0,0,0
2963,207,TAMPINES ST 21,9,1981,Y,Y,N,N,N,N,TAP,96,0,0,64,32,0,0,0,0,0,0,0,0
2997,208,TAMPINES ST 21,11,1981,Y,N,N,Y,N,N,TAP,87,0,0,57,29,0,1,0,0,0,0,0,0
3006,208A,TAMPINES AVE 2,11,2011,Y,N,N,N,N,N,TAP,150,0,0,0,0,0,0,0,0,110,40,0,0
3030,209,TAMPINES ST 21,8,1981,Y,N,N,Y,N,N,TAP,84,0,0,56,28,0,0,0,0,0,0,0,0
3083,210,TAMPINES ST 23,12,1984,Y,Y,N,N,N,N,TAP,110,0,0,0,16,94,0,0,0,0,0,0,0
3112,211,TAMPINES ST 23,12,1984,Y,N,N,N,N,N,TAP,114,0,0,91,23,0,0,0,0,0,0,0,0
3140,212,TAMPINES ST 23,12,1984,Y,N,N,N,N,N,TAP,132,0,0,66,66,0,0,0,0,0,0,0,0
3169,213,TAMPINES ST 23,12,1984,Y,N,N,N,N,N,TAP,132,0,0,66,66,0,0,0,0,0,0,0,0
3191,214,TAMPINES ST 23,12,1984,Y,Y,N,N,N,N,TAP,114,0,0,69,45,0,0,0,0,0,0,0,0
3211,215,TAMPINES ST 23,12,1984,Y,N,N,N,N,N,TAP,114,0,0,68,45,0,0,0,0,0,0,1,0
3234,216,TAMPINES ST 23,12,1984,Y,N,N,Y,N,N,TAP,110,0,0,0,16,94,0,0,0,0,0,0,0
3258,217,TAMPINES ST 23,12,1984,Y,Y,N,N,N,N,TAP,131,0,0,86,44,1,0,0,0,0,0,0,0
3283,218,TAMPINES ST 24,12,1984,Y,N,N,N,N,N,TAP,132,0,0,66,66,0,0,0,0,0,0,0,0
3301,219,TAMPINES ST 24,12,1984,Y,N,N,Y,N,N,TAP,110,0,0,66,44,0,0,0,0,0,0,0,0
3349,220,TAMPINES ST 24,4,1984,Y,N,N,N,N,N,TAP,32,0,0,16,16,0,0,0,0,0,0,0,0
3374,221,TAMPINES ST 24,12,1984,Y,N,N,N,N,N,TAP,132,0,0,66,66,0,0,0,0,0,0,0,0
3398,222,TAMPINES ST 24,12,1984,Y,N,N,N,N,N,TAP,110,0,0,66,44,0,0,0,0,0,0,0,0
3416,223,TAMPINES ST 24,4,1984,Y,N,N,N,N,N,TAP,32,0,0,16,16,0,0,0,0,0,0,0,0
3437,224,TAMPINES ST 23,4,1984,Y,N,N,N,N,N,TAP,32,0,0,16,16,0,0,0,0,0,0,0,0
3460,225,TAMPINES ST 23,12,1984,Y,N,N,N,N,N,TAP,110,0,0,66,44,0,0,0,0,0,0,0,0
3482,226,TAMPINES ST 23,12,1984,Y,N,N,N,N,N,TAP,110,0,0,66,44,0,0,0,0,0,0,0,0
3514,227,TAMPINES ST 23,12,1984,Y,Y,N,N,N,N,TAP,136,0,0,68,68,0,0,0,0,0,0,0,0
3539,228,TAMPINES ST 23,4,1984,Y,N,N,N,N,N,TAP,40,0,0,24,16,0,0,0,0,0,0,0,0
3565,229,TAMPINES ST 23,12,1984,Y,N,N,N,N,N,TAP,110,0,0,0,16,94,0,0,0,0,0,0,0
3606,230,TAMPINES ST 24,12,1984,Y,Y,N,N,N,N,TAP,110,0,0,0,16,94,0,0,0,0,0,0,0
3610,230A,TAMPINES ST 21,5,1992,N,N,N,N,Y,N,TAP,0,0,0,0,0,0,0,0,0,0,0,0,0
3611,230B,TAMPINES ST 24,12,1993,Y,N,N,Y,N,N,TAP,110,0,0,0,44,66,0,0,0,0,0,0,0
3613,230C,TAMPINES ST 24,12,1992,Y,N,N,N,N,N,TAP,90,0,0,0,24,66,0,0,0,0,0,0,0
3614,230D,TAMPINES ST 24,12,1993,Y,N,N,N,N,N,TAP,55,0,0,0,0,0,55,0,0,0,0,0,0
3615,230E,TAMPINES ST 24,12,1992,Y,N,N,N,N,N,TAP,44,0,0,0,0,0,44,0,0,0,0,0,0
3616,230F,TAMPINES ST 24,12,1992,Y,N,N,N,N,N,TAP,44,0,0,0,0,0,44,0,0,0,0,0,0
3617,230G,TAMPINES ST 21,12,1992,Y,N,N,N,N,N,TAP,44,0,0,0,0,0,44,0,0,0,0,0,0
3618,230H,TAMPINES ST 21,12,1993,Y,N,N,N,N,N,TAP,44,0,0,0,0,0,44,0,0,0,0,0,0
3619,230J,TAMPINES ST 21,12,1993,Y,N,N,N,N,N,TAP,55,0,0,0,0,0,55,0,0,0,0,0,0
3634,231,TAMPINES ST 21,4,1984,Y,N,N,N,N,N,TAP,32,0,0,16,16,0,0,0,0,0,0,0,0
3657,232,TAMPINES ST 21,12,1984,Y,N,N,Y,N,N,TAP,110,0,0,0,16,94,0,0,0,0,0,0,0
3677,233,TAMPINES ST 21,12,1984,Y,Y,N,N,N,N,TAP,110,0,0,0,16,94,0,0,0,0,0,0,0
3702,234,TAMPINES ST 21,12,1984,Y,N,N,N,N,N,TAP,132,0,0,66,66,0,0,0,0,0,0,0,0
3720,235,TAMPINES ST 21,12,1984,Y,N,N,N,N,N,TAP,132,0,0,66,66,0,0,0,0,0,0,0,0
3735,236,TAMPINES ST 21,12,1984,Y,N,N,N,N,N,TAP,132,0,0,66,66,0,0,0,0,0,0,0,0
3752,237,TAMPINES ST 21,12,1984,Y,N,N,Y,N,N,TAP,132,0,0,66,66,0,0,0,0,0,0,0,0
3770,238,TAMPINES ST 21,4,1984,Y,N,N,N,N,N,TAP,32,0,0,16,16,0,0,0,0,0,0,0,0
3789,239,TAMPINES ST 21,4,1984,Y,N,N,N,N,N,TAP,32,0,0,16,16,0,0,0,0,0,0,0,0
3818,240,TAMPINES ST 21,12,1983,Y,N,N,N,N,N,TAP,110,0,0,66,44,0,0,0,0,0,0,0,0
3833,241,TAMPINES ST 21,12,1983,Y,N,N,Y,N,N,TAP,110,0,0,66,44,0,0,0,0,0,0,0,0
3846,242,TAMPINES ST 21,4,1984,Y,N,N,N,N,N,TAP,32,0,0,16,16,0,0,0,0,0,0,0,0
3857,243,TAMPINES ST 21,12,1983,Y,N,N,N,N,N,TAP,110,0,0,66,44,0,0,0,0,0,0,0,0
3870,244,TAMPINES ST 21,12,1983,Y,N,N,N,N,N,TAP,110,0,0,66,44,0,0,0,0,0,0,0,0
3883,245,TAMPINES ST 21,11,1983,Y,N,N,Y,N,N,TAP,95,0,0,0,0,0,95,0,0,0,0,0,0
3898,246,TAMPINES ST 21,11,1983,Y,N,N,N,N,N,TAP,137,0,0,114,20,1,2,0,0,0,0,0,0
3911,247,TAMPINES ST 21,11,1983,Y,Y,N,N,N,N,TAP,120,0,0,0,120,0,0,0,0,0,0,0,0
3924,248,TAMPINES ST 21,11,1983,Y,N,N,N,N,N,TAP,100,0,0,0,100,0,0,0,0,0,0,0,0
3936,249,TAMPINES ST 21,10,1983,Y,N,N,N,N,N,TAP,126,0,0,45,81,0,0,0,0,0,0,0,0
3967,250,TAMPINES ST 21,10,1983,Y,Y,N,N,N,N,TAP,104,0,0,35,69,0,0,0,0,0,0,0,0
3982,251,TAMPINES ST 21,11,1983,Y,Y,N,N,N,N,TAP,160,0,0,59,100,0,0,0,0,0,0,1,0
3994,252,TAMPINES ST 21,3,1983,Y,N,N,N,N,N,TAP,42,0,0,30,12,0,0,0,0,0,0,0,0
4009,253,TAMPINES ST 21,11,1983,Y,N,N,Y,N,N,TAP,140,0,0,50,90,0,0,0,0,0,0,0,0
4025,254,TAMPINES ST 21,10,1983,Y,N,N,Y,N,N,TAP,90,0,0,0,16,74,0,0,0,0,0,0,0
4038,255,TAMPINES ST 21,3,1983,Y,N,N,N,N,N,TAP,36,0,0,24,12,0,0,0,0,0,0,0,0
4053,256,TAMPINES ST 21,10,1983,Y,Y,N,N,N,N,TAP,90,0,0,0,16,74,0,0,0,0,0,0,0
4074,257,TAMPINES ST 21,11,1983,Y,N,N,Y,N,N,TAP,100,0,0,0,16,84,0,0,0,0,0,0,0
4093,258,TAMPINES ST 21,4,1983,Y,N,N,N,N,N,TAP,56,0,0,40,16,0,0,0,0,0,0,0,0
4112,259,TAMPINES ST 21,11,1983,Y,N,N,N,N,N,TAP,144,0,0,62,82,0,0,0,0,0,0,0,0
4151,260,TAMPINES ST 21,11,1983,Y,Y,N,N,N,N,TAP,80,0,0,0,12,68,0,0,0,0,0,0,0
4170,261,TAMPINES ST 21,10,1983,Y,N,N,Y,N,N,TAP,126,0,0,45,81,0,0,0,0,0,0,0,0
4188,262,TAMPINES ST 21,10,1983,Y,N,N,Y,N,N,TAP,144,0,0,54,90,0,0,0,0,0,0,0,0
4203,263,TAMPINES ST 21,10,1983,Y,N,N,Y,N,N,TAP,144,0,0,54,90,0,0,0,0,0,0,0,0
4214,264,TAMPINES ST 21,10,1983,Y,Y,N,N,N,N,TAP,119,0,0,43,76,0,0,0,0,0,0,0,0
4231,265,TAMPINES ST 21,10,1983,Y,N,N,Y,N,N,TAP,135,0,0,45,90,0,0,0,0,0,0,0,0
4252,266,TAMPINES ST 21,10,1983,Y,N,N,N,N,N,TAP,126,0,0,45,81,0,0,0,0,0,0,0,0
4272,267,TAMPINES ST 21,11,1982,Y,Y,N,Y,N,N,TAP,305,0,0,199,105,0,1,0,0,0,0,0,0
4289,268,TAMPINES ST 21,11,1984,Y,N,N,N,N,N,TAP,120,0,0,0,20,100,0,0,0,0,0,0,0
4311,269,TAMPINES ST 21,10,1982,Y,N,N,N,N,N,TAP,182,0,0,163,17,0,2,0,0,0,0,0,0
4353,270,TAMPINES ST 21,11,1984,Y,N,N,Y,N,N,TAP,223,0,0,180,42,0,1,0,0,0,0,0,0
4371,271,TAMPINES ST 21,11,1984,Y,N,N,Y,N,N,TAP,205,0,0,129,76,0,0,0,0,0,0,0,0
4393,272,TAMPINES ST 22,11,1983,Y,Y,N,N,N,N,TAP,213,0,0,76,136,0,1,0,0,0,0,0,0
4417,273,TAMPINES ST 22,11,1983,Y,N,N,Y,N,N,TAP,120,0,0,30,90,0,0,0,0,0,0,0,0
4445,274,TAMPINES ST 22,11,1983,Y,N,N,N,N,N,TAP,154,0,0,73,81,0,0,0,0,0,0,0,0
4468,275,TAMPINES ST 22,11,1984,Y,Y,N,N,N,N,TAP,164,0,0,72,92,0,0,0,0,0,0,0,0
4486,276,TAMPINES ST 22,10,1984,Y,N,N,N,N,N,TAP,112,0,0,75,37,0,0,0,0,0,0,0,0
4498,277,TAMPINES ST 22,10,1983,Y,Y,N,N,N,N,TAP,150,0,0,67,83,0,0,0,0,0,0,0,0
4509,278,TAMPINES ST 22,10,1983,Y,N,N,N,N,N,TAP,93,0,0,0,13,80,0,0,0,0,0,0,0
4520,279,TAMPINES ST 22,10,1984,Y,N,N,N,N,N,TAP,108,0,0,0,16,92,0,0,0,0,0,0,0
4553,280,TAMPINES ST 22,10,1983,Y,Y,N,N,N,N,TAP,87,0,0,35,52,0,0,0,0,0,0,0,0
4562,281,TAMPINES ST 22,10,1983,Y,N,N,N,N,N,TAP,90,0,0,36,54,0,0,0,0,0,0,0,0
4570,282,TAMPINES ST 22,10,1983,Y,Y,N,N,N,N,TAP,104,0,0,26,78,0,0,0,0,0,0,0,0
4580,283,TAMPINES ST 22,11,1983,Y,N,N,N,N,N,TAP,220,0,0,80,140,0,0,0,0,0,0,0,0
4586,284,TAMPINES ST 22,11,1983,Y,N,N,Y,N,N,TAP,120,0,0,30,90,0,0,0,0,0,0,0,0
4592,285,TAMPINES ST 22,11,1983,Y,N,N,Y,N,N,TAP,219,0,0,78,140,0,1,0,0,0,0,0,0
4604,286,TAMPINES ST 22,11,1983,Y,Y,N,N,N,N,TAP,120,0,0,30,90,0,0,0,0,0,0,0,0
4617,287,TAMPINES ST 22,10,1983,Y,N,N,Y,N,N,TAP,144,0,0,54,90,0,0,0,0,0,0,0,0
4632,288,TAMPINES ST 22,10,1983,Y,N,N,N,N,N,TAP,126,0,0,0,20,106,0,0,0,0,0,0,0
4660,289,TAMPINES ST 22,12,1984,Y,Y,N,N,N,N,TAP,110,0,0,0,16,94,0,0,0,0,0,0,0
4696,290,TAMPINES ST 22,4,1984,Y,N,N,N,N,N,TAP,40,0,0,24,16,0,0,0,0,0,0,0,0
4713,291,TAMPINES ST 22,12,1983,Y,N,N,N,N,N,TAP,110,0,0,66,44,0,0,0,0,0,0,0,0
4730,292,TAMPINES ST 22,4,1984,Y,N,N,N,N,N,TAP,40,0,0,24,16,0,0,0,0,0,0,0,0
4743,293,TAMPINES ST 22,12,1983,Y,N,N,N,N,N,TAP,110,0,0,66,44,0,0,0,0,0,0,0,0
4755,294,TAMPINES ST 22,12,1984,Y,N,N,N,N,N,TAP,110,0,0,0,16,94,0,0,0,0,0,0,0
4761,295,TAMPINES ST 22,12,1983,Y,N,N,N,N,N,TAP,110,0,0,66,44,0,0,0,0,0,0,0,0
4770,296,TAMPINES ST 22,10,1984,Y,N,N,Y,N,N,TAP,108,0,0,72,36,0,0,0,0,0,0,0,0
4788,297,TAMPINES ST 22,12,1983,Y,N,N,Y,N,N,TAP,110,0,0,66,44,0,0,0,0,0,0,0,0
4800,298,TAMPINES ST 22,12,1984,Y,Y,N,N,N,N,TAP,110,0,0,0,16,94,0,0,0,0,0,0,0
4811,299A,TAMPINES ST 22,10,2010,Y,N,N,N,N,N,TAP,108,0,54,54,0,0,0,0,0,0,0,0,0
4813,299B,TAMPINES ST 22,10,2010,Y,N,N,Y,N,N,TAP,270,0,0,0,0,0,0,0,0,198,72,0,0
4885,301,TAMPINES ST 32,12,1992,Y,N,N,N,N,N,TAP,112,0,0,0,79,33,0,0,0,0,0,0,0
4907,302,TAMPINES ST 32,12,1992,Y,N,N,Y,N,N,TAP,110,0,0,0,77,33,0,0,0,0,0,0,0
4930,303,TAMPINES ST 32,12,1992,Y,N,N,N,N,N,TAP,66,0,0,0,0,66,0,0,0,0,0,0,0
4950,304,TAMPINES ST 32,12,1992,Y,N,N,N,N,N,TAP,66,0,0,0,0,66,0,0,0,0,0,0,0
4970,305,TAMPINES ST 32,12,1992,Y,N,N,Y,N,N,TAP,88,0,0,0,0,88,0,0,0,0,0,0,0
4992,306,TAMPINES ST 32,12,1992,Y,N,N,N,N,N,TAP,66,0,0,0,0,66,0,0,0,0,0,0,0
5022,307,TAMPINES ST 32,12,1992,Y,N,N,N,N,N,TAP,66,0,0,0,0,66,0,0,0,0,0,0,0
5029,307A,TAMPINES ST 32,4,1992,N,N,N,N,Y,N,TAP,0,0,0,0,0,0,0,0,0,0,0,0,0
5048,308,TAMPINES ST 32,12,1992,Y,N,N,N,N,N,TAP,55,0,0,0,0,0,55,0,0,0,0,0,0
5072,309,TAMPINES ST 32,12,1992,Y,N,N,N,N,N,TAP,44,0,0,0,0,0,44,0,0,0,0,0,0
5112,310,TAMPINES ST 32,12,1992,Y,N,N,N,N,N,TAP,44,0,0,0,0,0,44,0,0,0,0,0,0
5133,311,TAMPINES ST 33,12,1992,Y,N,N,N,N,N,TAP,55,0,0,0,0,0,55,0,0,0,0,0,0
5139,311A,TAMPINES ST 33,4,1992,N,N,N,N,Y,N,TAP,0,0,0,0,0,0,0,0,0,0,0,0,0
5156,312,TAMPINES ST 33,12,1992,Y,N,N,N,N,N,TAP,55,0,0,0,0,0,55,0,0,0,0,0,0
5178,313,TAMPINES ST 33,12,1992,Y,Y,N,N,N,N,TAP,44,0,0,0,0,0,44,0,0,0,0,0,0
5197,314,TAMPINES ST 33,12,1992,Y,N,N,N,N,N,TAP,44,0,0,0,0,0,44,0,0,0,0,0,0
5215,315,TAMPINES ST 33,12,1992,Y,N,N,N,N,N,TAP,55,0,0,0,0,0,55,0,0,0,0,0,0
5236,316,TAMPINES ST 33,10,1994,Y,Y,N,Y,N,N,TAP,90,0,0,0,45,45,0,0,0,0,0,0,0
5245,316A,TAMPINES ST 33,5,1994,N,N,N,N,Y,N,TAP,0,0,0,0,0,0,0,0,0,0,0,0,0
5265,317,TAMPINES ST 33,10,1994,Y,N,N,N,N,N,TAP,90,0,0,0,45,45,0,0,0,0,0,0,0
5286,318,TAMPINES ST 33,10,1994,Y,N,N,Y,N,N,TAP,81,0,0,0,63,18,0,0,0,0,0,0,0
5311,319,TAMPINES ST 33,10,1994,Y,N,N,N,N,N,TAP,81,0,0,0,63,18,0,0,0,0,0,0,0
5349,320,TAMPINES ST 33,10,1994,Y,N,N,Y,N,N,TAP,81,0,0,0,63,18,0,0,0,0,0,0,0
5365,321,TAMPINES ST 33,10,1994,Y,Y,N,N,N,N,TAP,72,0,0,0,54,18,0,0,0,0,0,0,0
5381,322,TAMPINES ST 33,10,1994,Y,N,N,N,N,N,TAP,84,0,0,0,66,18,0,0,0,0,0,0,0
5405,323,TAMPINES ST 33,10,1994,Y,Y,N,N,N,N,TAP,84,0,0,0,66,18,0,0,0,0,0,0,0
5431,324,TAMPINES ST 32,10,1993,Y,N,N,N,N,N,TAP,54,0,0,0,0,0,54,0,0,0,0,0,0
5449,325,TAMPINES ST 32,10,1993,Y,N,N,N,N,N,TAP,47,0,0,0,0,0,47,0,0,0,0,0,0
5470,326,TAMPINES ST 32,10,1993,Y,N,N,N,N,N,TAP,47,0,0,0,0,0,47,0,0,0,0,0,0
5492,327,TAMPINES ST 32,10,1993,Y,N,N,N,N,N,TAP,54,0,0,0,0,0,54,0,0,0,0,0,0
5509,328,TAMPINES ST 32,10,1993,Y,Y,N,N,N,N,TAP,54,0,0,0,0,0,54,0,0,0,0,0,0
5522,329,TAMPINES ST 32,10,1994,Y,N,N,N,N,N,TAP,44,0,0,0,0,0,44,0,0,0,0,0,0
5555,330,TAMPINES ST 32,10,1993,Y,N,N,N,N,N,TAP,52,0,0,0,0,0,52,0,0,0,0,0,0
5562,330A,TAMPINES ST 32,5,1993,N,N,N,N,Y,N,TAP,0,0,0,0,0,0,0,0,0,0,0,0,0
5570,331,TAMPINES ST 32,10,1993,Y,N,N,N,N,N,TAP,52,0,0,0,0,0,52,0,0,0,0,0,0
5577,331A,TAMPINES ST 32,5,1993,N,N,N,N,Y,N,TAP,0,0,0,0,0,0,0,0,0,0,0,0,0
5589,332,TAMPINES ST 32,10,1994,Y,N,N,N,N,N,TAP,54,0,0,0,0,0,54,0,0,0,0,0,0
5606,333,TAMPINES ST 32,10,1994,Y,Y,N,N,N,N,TAP,52,0,0,0,0,0,52,0,0,0,0,0,0
5628,334,TAMPINES ST 32,10,1993,Y,N,N,N,N,N,TAP,54,0,0,0,0,0,54,0,0,0,0,0,0
5650,335,TAMPINES ST 32,10,1994,Y,N,N,N,N,N,TAP,47,0,0,0,0,0,47,0,0,0,0,0,0
5671,336,TAMPINES ST 32,10,1993,Y,N,N,N,N,N,TAP,47,0,0,0,0,0,47,0,0,0,0,0,0
5690,337,TAMPINES ST 32,10,1993,Y,N,N,N,N,N,TAP,54,0,0,0,0,0,54,0,0,0,0,0,0
5706,338,TAMPINES ST 33,10,1994,Y,Y,N,N,N,N,TAP,99,0,0,0,54,45,0,0,0,0,0,0,0
5724,339,TAMPINES ST 33,10,1994,Y,N,N,N,N,N,TAP,93,0,0,0,66,27,0,0,0,0,0,0,0
5763,340,TAMPINES ST 33,10,1994,Y,Y,N,Y,N,N,TAP,90,0,0,0,63,27,0,0,0,0,0,0,0
5767,340A,TAMPINES ST 33,5,1994,N,N,N,N,Y,N,TAP,0,0,0,0,0,0,0,0,0,0,0,0,0
5776,341,TAMPINES ST 33,10,1994,Y,N,N,Y,N,N,TAP,90,0,0,0,63,27,0,0,0,0,0,0,0
5786,342,TAMPINES ST 33,10,1994,Y,N,N,N,N,N,TAP,93,0,0,0,66,27,0,0,0,0,0,0,0
5799,343,TAMPINES ST 33,10,1994,Y,Y,N,N,N,N,TAP,99,0,0,0,54,45,0,0,0,0,0,0,0
5818,345,TAMPINES ST 33,10,1994,Y,N,N,Y,N,N,TAP,90,0,0,0,45,45,0,0,0,0,0,0,0
5828,346,TAMPINES ST 33,10,1994,Y,N,N,N,N,N,TAP,81,0,0,0,63,18,0,0,0,0,0,0,0
5838,347,TAMPINES ST 33,10,1994,Y,N,N,N,N,N,TAP,77,0,0,0,59,18,0,0,0,0,0,0,0
5851,348,TAMPINES ST 33,10,1994,Y,N,N,N,N,N,TAP,77,0,0,0,59,18,0,0,0,0,0,0,0
5863,349,TAMPINES ST 33,10,1994,Y,Y,N,N,N,N,TAP,81,0,0,0,27,54,0,0,0,0,0,0,0
5894,350,TAMPINES ST 33,10,1994,Y,N,N,Y,N,N,TAP,81,0,0,0,45,36,0,0,0,0,0,0,0
5912,351,TAMPINES ST 33,10,1994,Y,Y,N,Y,N,N,TAP,108,0,0,0,54,54,0,0,0,0,0,0,0
5919,351A,TAMPINES ST 33,5,1994,N,N,N,N,Y,N,TAP,0,0,0,0,0,0,0,0,0,0,0,0,0
5933,352,TAMPINES ST 33,10,1994,Y,N,N,N,N,N,TAP,72,0,0,0,45,27,0,0,0,0,0,0,0
5950,353,TAMPINES ST 33,9,1994,Y,N,N,N,N,N,TAP,80,0,0,0,48,32,0,0,0,0,0,0,0
5967,354,TAMPINES ST 33,9,1994,Y,Y,N,N,N,N,TAP,72,0,0,0,48,24,0,0,0,0,0,0,0
5972,354A,TAMPINES ST 33,5,1994,N,N,N,N,Y,N,TAP,0,0,0,0,0,0,0,0,0,0,0,0,0
5983,355,TAMPINES ST 33,10,1994,Y,N,N,Y,N,N,TAP,72,0,0,0,36,36,0,0,0,0,0,0,0
5995,356,TAMPINES ST 33,10,1994,Y,N,N,N,N,N,TAP,76,0,0,0,0,76,0,0,0,0,0,0,0
6011,357,TAMPINES ST 33,10,1995,Y,Y,N,N,N,N,TAP,72,0,0,0,36,36,0,0,0,0,0,0,0
6027,358,TAMPINES ST 33,9,1994,Y,N,N,Y,N,N,TAP,96,0,0,0,64,32,0,0,0,0,0,0,0
6042,359,TAMPINES ST 34,9,1994,Y,N,N,N,N,N,TAP,115,0,0,0,75,40,0,0,0,0,0,0,0
6047,359A,TAMPINES ST 34,5,1994,N,N,N,N,Y,N,TAP,0,0,0,0,0,0,0,0,0,0,0,0,0
6068,360,TAMPINES ST 34,9,1994,Y,N,N,N,N,N,TAP,75,0,0,0,35,40,0,0,0,0,0,0,0
6078,361,TAMPINES ST 34,9,1994,Y,Y,N,N,N,N,TAP,96,0,0,0,64,32,0,0,0,0,0,0,0
6082,361A,TAMPINES ST 34,1,1994,N,N,N,N,N,Y,TAP,0,0,0,0,0,0,0,0,0,0,0,0,0
6087,362,TAMPINES ST 34,9,1994,Y,N,N,Y,N,N,TAP,80,0,0,0,64,16,0,0,0,0,0,0,0
6098,363,TAMPINES ST 34,10,1994,Y,N,N,N,N,N,TAP,72,0,0,0,54,18,0,0,0,0,0,0,0
6108,364,TAMPINES ST 34,10,1995,Y,N,N,Y,N,N,TAP,117,0,0,0,72,45,0,0,0,0,0,0,0
6114,364A,TAMPINES ST 34,5,1995,N,N,N,N,Y,N,TAP,0,0,0,0,0,0,0,0,0,0,0,0,0
6122,365,TAMPINES ST 34,10,1995,Y,N,N,N,N,N,TAP,81,0,0,0,63,18,0,0,0,0,0,0,0
6137,366,TAMPINES ST 34,10,1995,Y,N,N,N,N,N,TAP,99,0,0,0,54,45,0,0,0,0,0,0,0
6142,366A,TAMPINES ST 34,5,1995,N,N,N,N,Y,N,TAP,0,0,0,0,0,0,0,0,0,0,0,0,0
6147,367,TAMPINES ST 34,10,1995,Y,Y,N,N,N,N,TAP,144,0,0,0,108,36,0,0,0,0,0,0,0
6150,367A,TAMPINES ST 34,10,1995,Y,N,N,N,N,N,TAP,81,0,0,0,54,27,0,0,0,0,0,0,0
6153,368,TAMPINES ST 34,10,1995,Y,N,N,N,N,N,TAP,123,0,0,0,69,54,0,0,0,0,0,0,0
6156,369,TAMPINES ST 34,10,1995,Y,Y,N,N,N,N,TAP,96,0,0,0,78,18,0,0,0,0,0,0,0
6186,370,TAMPINES ST 34,10,1995,Y,N,N,N,N,N,TAP,93,0,0,0,75,18,0,0,0,0,0,0,0
6193,371,TAMPINES ST 34,10,1993,Y,N,N,N,N,N,TAP,63,0,0,0,36,27,0,0,0,0,0,0,0
6200,372,TAMPINES ST 34,10,1993,Y,N,N,Y,N,N,TAP,54,0,0,0,27,27,0,0,0,0,0,0,0
6206,373,TAMPINES ST 34,10,1993,Y,N,N,N,N,N,TAP,56,0,0,0,29,27,0,0,0,0,0,0,0
6213,374,TAMPINES ST 34,10,1993,Y,Y,N,N,N,N,TAP,54,0,0,0,27,27,0,0,0,0,0,0,0
6214,374A,TAMPINES ST 34,4,1993,N,N,N,N,Y,N,TAP,0,0,0,0,0,0,0,0,0,0,0,0,0
6279,381,TAMPINES ST 32,12,1993,Y,N,N,N,N,N,TAP,79,0,0,0,24,55,0,0,0,0,0,0,0
6285,382,TAMPINES ST 32,12,1993,Y,N,N,N,N,N,TAP,44,0,0,0,0,44,0,0,0,0,0,0,0
6291,383,TAMPINES ST 32,12,1993,Y,N,N,N,N,N,TAP,44,0,0,0,0,44,0,0,0,0,0,0,0
6298,384,TAMPINES ST 32,12,1993,Y,N,N,N,N,N,TAP,77,0,0,0,22,55,0,0,0,0,0,0,0
6300,384A,TAMPINES ST 32,5,1993,N,N,N,N,Y,N,TAP,0,0,0,0,0,0,0,0,0,0,0,0,0
6304,385,TAMPINES ST 32,12,1993,Y,N,N,Y,N,N,TAP,88,0,0,0,11,77,0,0,0,0,0,0,0
6307,386,TAMPINES ST 32,12,1993,Y,N,N,N,N,N,TAP,44,0,0,0,0,44,0,0,0,0,0,0,0
6310,387,TAMPINES ST 32,12,1993,Y,N,N,Y,N,N,TAP,66,0,0,0,0,66,0,0,0,0,0,0,0
6313,388,TAMPINES ST 32,12,1993,Y,N,N,N,N,N,TAP,77,0,0,0,11,66,0,0,0,0,0,0,0
6317,389,TAMPINES ST 32,12,1993,Y,N,N,N,N,N,TAP,55,0,0,0,11,44,0,0,0,0,0,0,0
6337,390,TAMPINES AVE 7,12,1993,Y,N,N,N,N,N,TAP,66,0,0,0,33,33,0,0,0,0,0,0,0
6339,390A,TAMPINES AVE 7,5,1993,N,N,N,N,Y,N,TAP,0,0,0,0,0,0,0,0,0,0,0,0,0
6341,391,TAMPINES AVE 7,12,1993,Y,N,N,N,N,N,TAP,79,0,0,0,19,60,0,0,0,0,0,0,0
6345,392,TAMPINES AVE 7,12,1993,Y,N,N,N,N,N,TAP,79,0,0,0,38,41,0,0,0,0,0,0,0
6348,393,TAMPINES AVE 7,12,1993,Y,Y,N,N,N,N,TAP,84,0,0,0,16,68,0,0,0,0,0,0,0
6351,394,TAMPINES AVE 7,12,1993,Y,N,N,N,N,N,TAP,73,0,0,0,24,49,0,0,0,0,0,0,0
6354,395,TAMPINES AVE 7,12,1993,Y,N,N,N,N,N,TAP,77,0,0,0,44,33,0,0,0,0,0,0,0
6357,396,TAMPINES AVE 7,12,1993,Y,N,N,N,N,N,TAP,66,0,0,0,22,44,0,0,0,0,0,0,0
6434,401,TAMPINES ST 41,12,1985,Y,Y,N,N,N,N,TAP,114,0,0,0,74,40,0,0,0,0,0,0,0
6459,402,TAMPINES ST 41,4,1984,Y,N,N,N,N,N,TAP,32,0,0,16,16,0,0,0,0,0,0,0,0
6478,403,TAMPINES ST 41,12,1984,Y,N,N,N,N,N,TAP,112,0,0,92,0,20,0,0,0,0,0,0,0
6498,404,TAMPINES ST 41,4,1984,Y,N,N,N,N,N,TAP,56,0,0,32,24,0,0,0,0,0,0,0,0
6519,405,TAMPINES ST 41,12,1984,Y,N,N,N,N,N,TAP,113,0,0,90,0,23,0,0,0,0,0,0,0
6540,406,TAMPINES ST 41,12,1985,Y,Y,N,N,N,N,TAP,164,0,0,102,61,1,0,0,0,0,0,0,0
6565,407,TAMPINES ST 41,12,1984,Y,N,N,N,N,N,TAP,123,0,0,114,0,9,0,0,0,0,0,0,0
6584,408,TAMPINES ST 41,12,1984,Y,N,N,N,N,N,TAP,139,0,0,120,0,19,0,0,0,0,0,0,0
6606,409,TAMPINES ST 41,12,1985,Y,N,N,N,N,N,TAP,88,0,0,0,88,0,0,0,0,0,0,0,0
6647,410,TAMPINES ST 41,12,1984,Y,N,N,N,N,N,TAP,130,0,0,128,0,2,0,0,0,0,0,0,0
6671,411,TAMPINES ST 41,12,1984,Y,N,N,Y,N,N,TAP,103,0,0,74,0,29,0,0,0,0,0,0,0
6692,412,TAMPINES ST 41,12,1984,Y,N,N,N,N,N,TAP,107,0,0,78,0,29,0,0,0,0,0,0,0
6713,413,TAMPINES ST 41,4,1985,Y,N,N,N,N,N,TAP,24,0,0,16,8,0,0,0,0,0,0,0,0
6737,414,TAMPINES ST 41,10,1985,Y,N,N,Y,N,N,TAP,108,0,0,0,108,0,0,0,0,0,0,0,0
6756,415,TAMPINES ST 41,4,1985,Y,N,N,N,N,N,TAP,23,0,0,14,8,1,0,0,0,0,0,0,0
6781,416,TAMPINES ST 41,12,1985,Y,N,N,N,N,N,TAP,88,0,0,0,88,0,0,0,0,0,0,0,0
6802,417,TAMPINES ST 41,12,1984,Y,N,N,N,N,N,TAP,150,0,0,142,0,8,0,0,0,0,0,0,0
6818,418,TAMPINES ST 41,12,1984,Y,N,N,Y,N,N,TAP,132,0,0,66,66,0,0,0,0,0,0,0,0
6835,419,TAMPINES ST 41,12,1984,Y,Y,N,N,N,N,TAP,162,0,0,99,61,2,0,0,0,0,0,0,0
6871,420,TAMPINES ST 41,12,1984,Y,N,N,N,N,N,TAP,110,0,0,66,44,0,0,0,0,0,0,0,0
6890,421,TAMPINES ST 41,12,1984,Y,N,N,N,N,N,TAP,110,0,0,66,44,0,0,0,0,0,0,0,0
6909,422,TAMPINES ST 41,4,1984,Y,N,N,N,N,N,TAP,32,0,0,16,16,0,0,0,0,0,0,0,0
6924,423,TAMPINES ST 41,12,1984,Y,Y,N,N,N,N,TAP,114,0,0,0,74,40,0,0,0,0,0,0,0
6942,424,TAMPINES ST 41,12,1984,Y,N,N,Y,N,N,TAP,110,0,0,66,44,0,0,0,0,0,0,0,0
6963,425,TAMPINES ST 41,12,1985,Y,Y,N,N,N,N,TAP,88,0,0,0,48,40,0,0,0,0,0,0,0
6978,426,TAMPINES ST 41,13,1985,Y,N,N,N,N,N,TAP,72,0,0,0,0,0,72,0,0,0,0,0,0
6995,427,TAMPINES ST 41,13,1985,Y,N,N,Y,N,N,TAP,72,0,0,0,0,0,72,0,0,0,0,0,0
7006,428,TAMPINES ST 41,11,1985,Y,N,N,Y,N,N,TAP,80,0,0,0,0,0,80,0,0,0,0,0,0
7019,429,TAMPINES ST 41,11,1985,Y,N,N,N,N,N,TAP,80,0,0,0,0,0,80,0,0,0,0,0,0
7057,430,TAMPINES ST 41,13,1985,Y,N,N,Y,N,N,TAP,72,0,0,0,0,0,72,0,0,0,0,0,0
7077,431,TAMPINES ST 41,13,1985,Y,N,N,N,N,N,TAP,72,0,0,0,0,0,72,0,0,0,0,0,0
7099,432,TAMPINES ST 41,12,1985,Y,N,N,Y,N,N,TAP,88,0,0,0,48,40,0,0,0,0,0,0,0
7119,433,TAMPINES ST 43,11,1985,Y,Y,N,N,N,N,TAP,91,0,0,55,36,0,0,0,0,0,0,0,0
7135,434,TAMPINES ST 43,12,1985,Y,N,N,Y,N,N,TAP,110,0,0,66,44,0,0,0,0,0,0,0,0
7147,435,TAMPINES ST 43,4,1985,Y,N,N,N,N,N,TAP,32,0,0,0,32,0,0,0,0,0,0,0,0
7166,436,TAMPINES ST 43,12,1985,Y,N,N,N,N,N,TAP,110,0,0,66,44,0,0,0,0,0,0,0,0
7182,437,TAMPINES ST 43,12,1985,Y,N,N,N,N,N,TAP,110,0,0,66,44,0,0,0,0,0,0,0,0
7196,438,TAMPINES ST 43,12,1985,Y,N,N,N,N,N,TAP,110,0,0,66,44,0,0,0,0,0,0,0,0
7214,439,TAMPINES ST 43,4,1985,Y,N,N,N,N,N,TAP,24,0,0,16,8,0,0,0,0,0,0,0,0
7251,440,TAMPINES ST 43,12,1985,Y,Y,N,N,N,N,TAP,88,0,0,0,48,40,0,0,0,0,0,0,0
7275,441,TAMPINES ST 43,4,1985,Y,N,N,N,N,N,TAP,40,0,0,0,0,0,0,0,0,25,15,0,0
7297,442,TAMPINES ST 43,4,1985,Y,N,N,N,N,N,TAP,80,0,0,0,0,0,0,0,0,42,38,0,0
7318,443,TAMPINES ST 43,12,1985,Y,N,N,Y,N,N,TAP,88,0,0,0,48,40,0,0,0,0,0,0,0
7339,444,TAMPINES ST 42,12,1984,Y,N,N,Y,N,N,TAP,110,0,0,66,44,0,0,0,0,0,0,0,0
7351,445,TAMPINES ST 42,11,1984,Y,Y,N,N,N,N,TAP,95,0,0,58,37,0,0,0,0,0,0,0,0
7374,446,TAMPINES ST 42,12,1984,Y,N,N,N,N,N,TAP,110,0,0,66,44,0,0,0,0,0,0,0,0
7392,447,TAMPINES ST 42,4,1984,Y,N,N,N,N,N,TAP,32,0,0,0,32,0,0,0,0,0,0,0,0
7408,448,TAMPINES ST 42,12,1984,Y,N,N,N,N,N,TAP,110,0,0,66,44,0,0,0,0,0,0,0,0
7428,449,TAMPINES ST 42,12,1984,Y,Y,N,N,N,N,TAP,114,0,0,0,74,40,0,0,0,0,0,0,0
7460,450,TAMPINES ST 42,12,1984,Y,N,N,Y,N,N,TAP,110,0,0,66,44,0,0,0,0,0,0,0,0
7465,450A,TAMPINES ST 42,11,1995,Y,Y,N,N,N,N,TAP,100,0,0,0,40,60,0,0,0,0,0,0,0
7468,450B,TAMPINES ST 42,5,1994,N,N,N,N,Y,N,TAP,0,0,0,0,0,0,0,0,0,0,0,0,0
7471,450C,TAMPINES ST 42,11,1995,Y,N,N,N,N,N,TAP,104,0,0,0,43,61,0,0,0,0,0,0,0
7473,450D,TAMPINES ST 42,11,1995,Y,N,N,N,N,N,TAP,84,0,0,0,43,41,0,0,0,0,0,0,0
7474,450E,TAMPINES ST 42,11,1995,Y,N,N,N,N,N,TAP,60,0,0,0,20,40,0,0,0,0,0,0,0
7475,450F,TAMPINES ST 42,11,1995,Y,N,N,N,N,N,TAP,60,0,0,0,20,40,0,0,0,0,0,0,0
7476,450G,TAMPINES ST 42,11,1995,Y,Y,N,N,N,N,TAP,80,0,0,0,40,40,0,0,0,0,0,0,0
7487,451,TAMPINES ST 42,12,1986,Y,Y,N,N,N,N,TAP,114,0,0,0,74,40,0,0,0,0,0,0,0
7503,452,TAMPINES ST 42,4,1986,Y,N,N,N,N,N,TAP,32,0,0,16,16,0,0,0,0,0,0,0,0
7518,453,TAMPINES ST 42,12,1986,Y,N,N,N,N,N,TAP,88,0,0,0,48,40,0,0,0,0,0,0,0
7537,454,TAMPINES ST 42,11,1987,Y,N,N,N,N,N,TAP,50,0,0,0,0,0,0,50,0,0,0,0,0
7548,455,TAMPINES ST 42,12,1986,Y,N,N,N,N,N,TAP,88,0,0,0,48,40,0,0,0,0,0,0,0
7565,456,TAMPINES ST 42,12,1986,Y,N,N,N,N,N,TAP,114,0,0,0,74,40,0,0,0,0,0,0,0
7579,457,TAMPINES ST 42,4,1986,Y,N,N,N,N,N,TAP,16,0,0,0,10,6,0,0,0,0,0,0,0
7592,458,TAMPINES ST 42,12,1986,Y,N,N,N,N,N,TAP,114,0,0,0,74,40,0,0,0,0,0,0,0
7607,459,TAMPINES ST 42,12,1986,Y,N,N,N,N,N,TAP,136,0,0,0,136,0,0,0,0,0,0,0,0
7637,460,TAMPINES ST 42,11,1987,Y,N,N,Y,N,N,TAP,50,0,0,0,0,0,0,50,0,0,0,0,0
7655,461,TAMPINES ST 44,12,1985,Y,N,N,Y,N,N,TAP,88,0,0,0,48,40,0,0,0,0,0,0,0
7675,462,TAMPINES ST 44,11,1985,Y,Y,N,N,N,N,TAP,91,0,0,55,36,0,0,0,0,0,0,0,0
7698,463,TAMPINES ST 44,12,1985,Y,N,N,N,N,N,TAP,110,0,0,66,44,0,0,0,0,0,0,0,0
7714,464,TAMPINES ST 44,4,1985,Y,N,N,N,N,N,TAP,32,0,0,0,32,0,0,0,0,0,0,0,0
7732,465,TAMPINES ST 44,12,1985,Y,N,N,N,N,N,TAP,110,0,0,66,44,0,0,0,0,0,0,0,0
7752,466,TAMPINES ST 44,4,1985,Y,N,N,N,N,N,TAP,80,0,0,0,0,0,0,0,0,42,38,0,0
7773,467,TAMPINES ST 44,12,1985,Y,N,N,N,N,N,TAP,110,0,0,66,44,0,0,0,0,0,0,0,0
7794,468,TAMPINES ST 44,4,1985,Y,N,N,N,N,N,TAP,24,0,0,16,8,0,0,0,0,0,0,0,0
7815,469,TAMPINES ST 44,12,1985,Y,N,N,Y,N,N,TAP,110,0,0,66,44,0,0,0,0,0,0,0,0
7851,470,TAMPINES ST 44,12,1985,Y,Y,N,Y,N,N,TAP,88,0,0,0,48,40,0,0,0,0,0,0,0
7869,471,TAMPINES ST 44,4,1985,Y,N,N,N,N,N,TAP,40,0,0,0,0,0,0,0,0,25,15,0,0
7886,472,TAMPINES ST 44,4,1988,Y,Y,N,N,N,N,TAP,14,0,0,0,2,0,12,0,0,0,0,0,0
7900,473,TAMPINES ST 43,2,1989,N,Y,N,Y,N,N,TAP,0,0,0,0,0,0,0,0,0,0,0,0,0
7916,474,TAMPINES ST 43,4,1988,Y,Y,N,N,N,N,TAP,14,0,0,0,2,0,12,0,0,0,0,0,0
7925,475,TAMPINES ST 44,4,1989,N,Y,N,N,Y,N,TAP,0,0,0,0,0,0,0,0,0,0,0,0,0
7940,476,TAMPINES ST 44,4,1988,Y,Y,N,N,N,N,TAP,28,0,0,1,7,8,12,0,0,0,0,0,0
7962,477,TAMPINES ST 43,4,1988,Y,Y,N,N,N,N,TAP,28,0,0,1,7,8,12,0,0,0,0,0,0
7975,478,TAMPINES ST 44,1,1988,N,Y,N,N,N,N,TAP,0,0,0,0,0,0,0,0,0,0,0,0,0
7985,479,TAMPINES ST 44,4,1988,Y,Y,N,Y,N,N,TAP,11,0,0,1,0,5,5,0,0,0,0,0,0
8013,480,TAMPINES ST 44,4,1988,Y,Y,N,Y,N,N,TAP,15,0,0,0,0,6,9,0,0,0,0,0,0
8020,481,TAMPINES ST 44,4,1988,Y,Y,N,N,N,N,TAP,8,0,0,0,4,4,0,0,0,0,0,0,0
8029,482,TAMPINES ST 43,4,1988,Y,Y,N,N,N,N,TAP,8,0,0,0,4,4,0,0,0,0,0,0,0
8041,483,TAMPINES ST 43,4,1988,Y,Y,N,Y,N,N,TAP,11,0,0,1,0,5,5,0,0,0,0,0,0
8051,484,TAMPINES ST 43,4,1988,Y,Y,N,N,N,N,TAP,15,0,0,0,0,6,9,0,0,0,0,0,0
8064,485A,TAMPINES AVE 9,12,1992,Y,N,N,N,N,N,TAP,44,0,0,0,0,44,0,0,0,0,0,0,0
8066,485B,TAMPINES AVE 9,12,1988,Y,N,N,Y,N,N,TAP,110,0,0,0,70,40,0,0,0,0,0,0,0
8075,486A,TAMPINES AVE 9,12,1993,Y,N,N,N,N,N,TAP,88,0,0,0,0,88,0,0,0,0,0,0,0
8077,486B,TAMPINES AVE 9,12,1993,Y,N,N,N,N,N,TAP,99,0,0,0,55,44,0,0,0,0,0,0,0
8078,486C,TAMPINES AVE 9,12,1993,Y,N,N,N,N,N,TAP,77,0,0,0,55,22,0,0,0,0,0,0,0
8086,487A,TAMPINES AVE 9,11,1989,Y,Y,N,N,N,N,TAP,70,0,0,0,70,0,0,0,0,0,0,0,0
8088,487B,TAMPINES ST 45,11,1989,Y,Y,N,N,N,N,TAP,90,0,0,0,90,0,0,0,0,0,0,0,0
8090,487C,TAMPINES ST 45,11,1989,Y,Y,N,Y,N,N,TAP,80,0,0,0,80,0,0,0,0,0,0,0,0
8097,488A,TAMPINES AVE 9,12,1989,Y,N,N,N,N,N,TAP,88,0,0,0,48,40,0,0,0,0,0,0,0
8099,488B,TAMPINES ST 45,11,1989,Y,Y,N,N,N,N,TAP,80,0,0,0,80,0,0,0,0,0,0,0,0
8106,489A,TAMPINES ST 45,12,1989,Y,N,N,Y,N,N,TAP,88,0,0,0,48,40,0,0,0,0,0,0,0
8108,489B,TAMPINES ST 45,12,1993,Y,N,N,N,N,N,TAP,99,0,0,0,67,32,0,0,0,0,0,0,0
8110,489C,TAMPINES ST 45,12,1989,Y,N,N,Y,N,N,TAP,110,0,0,0,70,40,0,0,0,0,0,0,0
8133,490A,TAMPINES ST 45,12,1993,Y,N,N,N,N,N,TAP,77,0,0,0,55,22,0,0,0,0,0,0,0
8135,490B,TAMPINES ST 45,12,1993,Y,N,N,N,N,N,TAP,66,0,0,0,0,66,0,0,0,0,0,0,0
8140,491A,TAMPINES AVE 9,13,1992,Y,N,N,N,N,N,TAP,48,0,0,0,0,48,0,0,0,0,0,0,0
8141,491B,TAMPINES AVE 9,13,1992,Y,N,N,N,N,N,TAP,62,0,0,0,26,36,0,0,0,0,0,0,0
8142,491C,TAMPINES ST 45,13,1992,Y,N,N,N,N,N,TAP,84,0,0,0,24,60,0,0,0,0,0,0,0
8143,491D,TAMPINES ST 45,13,1992,Y,Y,N,Y,N,N,TAP,84,0,0,0,12,72,0,0,0,0,0,0,0
8144,491E,TAMPINES ST 45,13,1992,Y,N,N,N,N,N,TAP,60,0,0,0,12,48,0,0,0,0,0,0,0
8145,491F,TAMPINES ST 45,13,1992,Y,N,N,N,N,N,TAP,72,0,0,0,24,48,0,0,0,0,0,0,0
8146,491G,TAMPINES ST 45,13,1992,Y,N,N,N,N,N,TAP,72,0,0,0,0,72,0,0,0,0,0,0,0
8147,491H,TAMPINES ST 45,13,1992,Y,N,N,Y,N,N,TAP,72,0,0,0,0,72,0,0,0,0,0,0,0
8150,492,TAMPINES ST 45,8,2017,N,N,N,Y,Y,N,TAP,0,0,0,0,0,0,0,0,0,0,0,0,0
8152,492A,TAMPINES ST 45,5,1992,N,N,N,N,Y,N,TAP,0,0,0,0,0,0,0,0,0,0,0,0,0
8153,492B,TAMPINES AVE 9,13,1992,Y,Y,N,N,N,N,TAP,72,0,0,0,0,72,0,0,0,0,0,0,0
8154,492C,TAMPINES ST 45,13,1992,Y,N,N,N,N,N,TAP,72,0,0,0,0,72,0,0,0,0,0,0,0
8155,492D,TAMPINES ST 45,13,1992,Y,N,N,N,N,N,TAP,60,0,0,0,12,48,0,0,0,0,0,0,0
8156,492E,TAMPINES ST 45,12,2017,Y,N,N,N,N,N,TAP,253,0,0,0,0,0,0,0,0,154,99,0,0
8157,492F,TAMPINES ST 45,12,2017,Y,N,N,N,N,N,TAP,198,0,0,0,0,0,0,0,0,132,66,0,0
8158,492G,TAMPINES ST 45,12,2017,Y,N,N,N,N,N,TAP,121,0,0,77,44,0,0,0,0,0,0,0,0
8159,492H,TAMPINES ST 45,1,2018,N,N,N,N,N,Y,TAP,0,0,0,0,0,0,0,0,0,0,0,0,0
8160,492J,TAMPINES ST 45,1,2018,N,N,N,N,N,Y,TAP,0,0,0,0,0,0,0,0,0,0,0,0,0
8164,493A,TAMPINES AVE 9,13,1992,Y,N,N,N,N,N,TAP,48,0,0,0,0,48,0,0,0,0,0,0,0
8165,493B,TAMPINES AVE 9,13,1992,Y,N,N,N,N,N,TAP,62,0,0,0,26,36,0,0,0,0,0,0,0
8166,493C,TAMPINES ST 43,13,1992,Y,N,N,N,N,N,TAP,60,0,0,0,12,48,0,0,0,0,0,0,0
8167,493D,TAMPINES ST 43,13,1992,Y,N,N,N,N,N,TAP,96,0,0,0,24,72,0,0,0,0,0,0,0
8168,493E,TAMPINES ST 43,13,1992,Y,Y,N,Y,N,N,TAP,96,0,0,0,48,48,0,0,0,0,0,0,0
8170,494,TAMPINES ST 45,1,2018,N,Y,N,N,N,N,TAP,0,0,0,0,0,0,0,0,0,0,0,0,0
8172,494A,TAMPINES ST 43,5,1992,N,N,N,N,Y,N,TAP,0,0,0,0,0,0,0,0,0,0,0,0,0
8173,494B,TAMPINES AVE 9,13,1992,Y,N,N,Y,N,N,TAP,72,0,0,0,0,72,0,0,0,0,0,0,0
8174,494C,TAMPINES ST 43,13,1992,Y,N,N,N,N,N,TAP,84,0,0,0,0,84,0,0,0,0,0,0,0
8175,494D,TAMPINES ST 43,13,2014,Y,N,N,N,N,N,TAP,151,0,20,57,0,0,0,0,74,0,0,0,0
8176,494E,TAMPINES ST 43,13,2014,Y,N,N,Y,N,N,TAP,138,0,29,46,0,0,0,0,63,0,0,0,0
8177,494F,TAMPINES ST 43,6,2014,N,N,N,N,Y,Y,TAP,0,0,0,0,0,0,0,0,0,0,0,0,0
8178,494G,TAMPINES ST 45,12,2017,Y,N,N,N,N,N,TAP,110,0,0,55,55,0,0,0,0,0,0,0,0
8179,494H,TAMPINES ST 45,12,2017,Y,N,N,Y,N,N,TAP,110,0,0,0,55,55,0,0,0,0,0,0,0
8180,494J,TAMPINES ST 45,12,2017,Y,N,N,N,N,N,TAP,110,0,0,22,44,44,0,0,0,0,0,0,0
8182,495A,TAMPINES ST 43,13,1992,Y,N,N,N,N,N,TAP,48,0,0,0,0,0,48,0,0,0,0,0,0
8183,495B,TAMPINES ST 43,13,1992,Y,N,N,N,N,N,TAP,36,0,0,0,0,0,36,0,0,0,0,0,0
8184,495C,TAMPINES ST 43,13,1992,Y,N,N,N,N,N,TAP,48,0,0,0,0,0,48,0,0,0,0,0,0
8185,495D,TAMPINES ST 43,13,1993,Y,N,N,N,N,N,TAP,48,0,0,0,0,0,48,0,0,0,0,0,0
8186,495E,TAMPINES ST 43,13,1992,Y,N,N,N,N,N,TAP,60,0,0,0,0,0,60,0,0,0,0,0,0
8187,495F,TAMPINES ST 43,13,1992,Y,N,N,N,N,N,TAP,60,0,0,0,0,0,60,0,0,0,0,0,0
8189,496A,TAMPINES ST 43,5,1992,N,N,N,N,Y,N,TAP,0,0,0,0,0,0,0,0,0,0,0,0,0
8190,496B,TAMPINES ST 43,13,1992,Y,N,N,N,N,N,TAP,84,0,0,0,36,48,0,0,0,0,0,0,0
8191,496C,TAMPINES ST 43,13,1992,Y,N,N,N,N,N,TAP,96,0,0,0,24,72,0,0,0,0,0,0,0
8192,496D,TAMPINES AVE 9,13,1992,Y,N,N,N,N,N,TAP,96,0,0,0,0,96,0,0,0,0,0,0,0
8193,496E,TAMPINES AVE 9,13,1992,Y,N,N,N,N,N,TAP,96,0,0,0,24,72,0,0,0,0,0,0,0
8194,496F,TAMPINES AVE 9,13,1992,Y,N,N,N,N,N,TAP,48,0,0,0,0,48,0,0,0,0,0,0,0
8195,496G,TAMPINES AVE 9,13,1992,Y,Y,N,N,N,N,TAP,84,0,0,0,60,24,0,0,0,0,0,0,0
8197,497A,TAMPINES ST 45,10,1994,Y,N,N,N,N,N,TAP,57,0,0,0,0,14,43,0,0,0,0,0,0
8198,497B,TAMPINES ST 45,10,1994,Y,N,N,N,N,N,TAP,98,0,0,0,62,36,0,0,0,0,0,0,0
8199,497C,TAMPINES ST 45,10,1994,Y,Y,N,N,N,N,TAP,98,0,0,0,62,36,0,0,0,0,0,0,0
8200,497D,TAMPINES ST 45,10,1995,Y,N,N,N,N,N,TAP,57,0,0,0,0,14,43,0,0,0,0,0,0
8201,497E,TAMPINES ST 45,3,1994,N,N,N,N,Y,N,TAP,0,0,0,0,0,0,0,0,0,0,0,0,0
8202,497F,TAMPINES ST 45,10,1994,Y,N,N,N,N,N,TAP,57,0,0,0,0,14,43,0,0,0,0,0,0
8203,497G,TAMPINES ST 45,10,1994,Y,N,N,N,N,N,TAP,98,0,0,0,62,36,0,0,0,0,0,0,0
8204,497H,TAMPINES ST 45,10,1994,Y,Y,N,N,N,N,TAP,98,0,0,0,62,36,0,0,0,0,0,0,0
8205,497J,TAMPINES ST 45,10,1995,Y,N,N,N,N,N,TAP,57,0,0,0,0,14,43,0,0,0,0,0,0
8206,497K,TAMPINES ST 45,3,1994,N,N,N,N,Y,N,TAP,0,0,0,0,0,0,0,0,0,0,0,0,0
8207,497L,TAMPINES ST 45,4,1994,N,N,N,N,Y,N,TAP,0,0,0,0,0,0,0,0,0,0,0,0,0
8209,498A,TAMPINES ST 45,10,1995,Y,Y,N,N,N,N,TAP,70,0,0,0,28,28,14,0,0,0,0,0,0
8210,498B,TAMPINES ST 45,10,1995,Y,N,N,N,N,N,TAP,72,0,0,0,30,28,14,0,0,0,0,0,0
8211,498C,TAMPINES ST 45,3,1995,N,N,N,N,Y,N,TAP,0,0,0,0,0,0,0,0,0,0,0,0,0
8212,498D,TAMPINES ST 45,10,1995,Y,N,N,N,N,N,TAP,72,0,0,0,30,28,14,0,0,0,0,0,0
8213,498E,TAMPINES ST 45,10,1995,Y,N,N,N,N,N,TAP,74,0,0,0,32,28,14,0,0,0,0,0,0
8214,498F,TAMPINES ST 45,10,1995,Y,N,N,N,N,N,TAP,74,0,0,0,32,28,14,0,0,0,0,0,0
8215,498G,TAMPINES ST 45,10,1995,Y,N,N,N,N,N,TAP,74,0,0,0,32,28,14,0,0,0,0,0,0
8216,498H,TAMPINES ST 45,10,1995,Y,N,N,N,N,N,TAP,74,0,0,0,32,28,14,0,0,0,0,0,0
8217,498J,TAMPINES ST 45,10,1995,Y,N,N,N,N,N,TAP,72,0,0,0,30,28,14,0,0,0,0,0,0
8218,498K,TAMPINES ST 45,3,1995,N,N,N,N,Y,N,TAP,0,0,0,0,0,0,0,0,0,0,0,0,0
8219,498L,TAMPINES ST 45,10,1995,Y,N,N,N,N,N,TAP,72,0,0,0,30,28,14,0,0,0,0,0,0
8220,498M,TAMPINES ST 45,10,1995,Y,N,N,Y,N,N,TAP,70,0,0,0,28,28,14,0,0,0,0,0,0
8221,498N,TAMPINES ST 45,1,1995,N,N,N,N,N,Y,TAP,0,0,0,0,0,0,0,0,0,0,0,0,0
8223,499,TAMPINES AVE 9,4,2012,N,N,N,N,Y,N,TAP,0,0,0,0,0,0,0,0,0,0,0,0,0
8224,499A,TAMPINES AVE 9,12,2012,Y,N,N,N,N,N,TAP,119,0,97,22,0,0,0,0,0,0,0,0,0
8225,499B,TAMPINES AVE 9,12,2012,Y,N,N,N,N,N,TAP,108,0,64,44,0,0,0,0,0,0,0,0,0
8226,499C,TAMPINES AVE 9,12,2012,Y,N,N,Y,N,N,TAP,228,0,0,0,0,0,0,0,0,131,97,0,0
8227,499D,TAMPINES AVE 9,1,2013,N,N,N,N,N,Y,TAP,0,0,0,0,0,0,0,0,0,0,0,0,0
8295,501,TAMPINES CTRL 1,4,1989,Y,N,N,N,N,N,TAP,40,0,0,0,34,6,0,0,0,0,0,0,0
8315,502,TAMPINES CTRL 1,4,1989,Y,N,N,N,N,N,TAP,16,0,0,0,10,6,0,0,0,0,0,0,0
8339,503,TAMPINES CTRL 1,9,1989,Y,Y,N,Y,N,N,TAP,117,0,0,0,104,13,0,0,0,0,0,0,0
8358,504,TAMPINES CTRL 1,1,1989,N,Y,N,N,N,N,TAP,0,0,0,0,0,0,0,0,0,0,0,0,0
8382,505,TAMPINES CTRL 1,9,1989,Y,Y,N,N,N,N,TAP,99,0,0,0,83,16,0,0,0,0,0,0,0
8406,506,TAMPINES CTRL 1,3,1989,N,Y,N,N,N,N,TAP,0,0,0,0,0,0,0,0,0,0,0,0,0
8427,507,TAMPINES CTRL 1,4,1989,N,N,N,N,Y,N,TAP,0,0,0,0,0,0,0,0,0,0,0,0,0
8448,508,TAMPINES CTRL 1,4,1989,Y,N,N,N,N,N,TAP,48,0,0,0,45,3,0,0,0,0,0,0,0
8467,509,TAMPINES CTRL 1,4,1989,Y,N,N,N,N,N,TAP,16,0,0,0,10,6,0,0,0,0,0,0,0
8507,510,TAMPINES CTRL 1,4,1990,N,Y,N,N,N,N,TAP,0,0,0,0,0,0,0,0,0,0,0,0,0
8549,512A,TAMPINES CTRL 1,1,1987,N,Y,N,N,N,N,TAP,0,0,0,0,0,0,0,0,0,0,0,0,0
8562,513,TAMPINES CTRL 1,1,1988,N,Y,N,N,N,N,TAP,0,0,0,0,0,0,0,0,0,0,0,0,0
8594,515,TAMPINES CTRL 7,4,2009,N,N,N,N,Y,N,TAP,0,0,0,0,0,0,0,0,0,0,0,0,0
8596,515A,TAMPINES CTRL 7,17,2009,Y,N,N,N,N,N,TAP,62,0,1,0,16,45,0,0,0,0,0,0,0
8598,515B,TAMPINES CTRL 7,17,2009,Y,N,N,N,N,N,TAP,92,0,0,0,1,91,0,0,0,0,0,0,0
8599,515C,TAMPINES CTRL 7,17,2009,Y,N,N,N,N,N,TAP,92,0,0,0,1,91,0,0,0,0,0,0,0
8600,515D,TAMPINES CTRL 7,17,2009,Y,N,N,N,N,N,TAP,62,0,1,0,0,61,0,0,0,0,0,0,0
8608,516,TAMPINES CTRL 7,1,2009,N,N,N,N,N,Y,TAP,0,0,0,0,0,0,0,0,0,0,0,0,0
8618,517,TAMPINES CTRL 7,1,2009,N,N,N,N,N,Y,TAP,0,0,0,0,0,0,0,0,0,0,0,0,0
8634,518,TAMPINES CTRL 7,4,2009,N,N,N,N,Y,N,TAP,0,0,0,0,0,0,0,0,0,0,0,0,0
8638,518A,TAMPINES CTRL 7,17,2009,Y,N,N,N,N,N,TAP,62,0,1,0,16,45,0,0,0,0,0,0,0
8639,518B,TAMPINES CTRL 7,17,2009,Y,N,N,N,N,N,TAP,92,0,0,0,1,91,0,0,0,0,0,0,0
8640,518C,TAMPINES CTRL 7,17,2009,Y,N,N,N,N,N,TAP,92,0,0,0,1,91,0,0,0,0,0,0,0
8641,518D,TAMPINES CTRL 7,17,2009,Y,N,N,N,N,N,TAP,62,0,1,0,0,61,0,0,0,0,0,0,0
8647,519,TAMPINES CTRL 8,8,2014,N,N,N,N,Y,N,TAP,0,0,0,0,0,0,0,0,0,0,0,0,0
8649,519A,TAMPINES CTRL 8,15,2014,Y,Y,N,N,N,N,TAP,126,0,0,14,112,0,0,0,0,0,0,0,0
8651,519B,TAMPINES CTRL 8,16,2014,Y,N,N,N,N,N,TAP,120,0,0,0,64,56,0,0,0,0,0,0,0
8652,519C,TAMPINES CTRL 8,16,2014,Y,N,N,N,N,N,TAP,125,0,0,31,94,0,0,0,0,0,0,0,0
8653,519D,TAMPINES CTRL 8,16,2014,Y,N,N,Y,N,N,TAP,60,0,0,0,0,60,0,0,0,0,0,0,0
8684,520,TAMPINES CTRL 8,1,2014,N,N,N,N,N,Y,TAP,0,0,0,0,0,0,0,0,0,0,0,0,0
8686,520A,TAMPINES CTRL 8,16,2014,Y,N,N,N,N,N,TAP,92,0,0,45,47,0,0,0,0,0,0,0,0
8687,520B,TAMPINES CTRL 8,16,2014,Y,N,N,N,N,N,TAP,62,0,0,0,0,62,0,0,0,0,0,0,0
8688,520C,TAMPINES CTRL 8,16,2014,Y,N,N,N,N,N,TAP,123,0,0,92,31,0,0,0,0,0,0,0,0
8706,522,TAMPINES CTRL 7,6,2014,N,N,N,N,Y,N,TAP,0,0,0,0,0,0,0,0,0,0,0,0,0
8708,522A,TAMPINES CTRL 7,17,2014,Y,N,N,N,N,N,TAP,112,0,32,48,32,0,0,0,0,0,0,0,0
8709,522B,TAMPINES CTRL 7,17,2014,Y,N,N,N,N,N,TAP,96,0,0,0,32,64,0,0,0,0,0,0,0
8710,522C,TAMPINES CTRL 7,17,2014,Y,N,N,N,N,N,TAP,96,0,0,0,32,64,0,0,0,0,0,0,0
8720,523A,TAMPINES CTRL 7,17,2014,Y,N,N,Y,N,N,TAP,96,0,0,0,48,48,0,0,0,0,0,0,0
8722,523B,TAMPINES CTRL 7,17,2014,Y,N,N,N,N,N,TAP,112,0,32,48,32,0,0,0,0,0,0,0,0
8723,523C,TAMPINES CTRL 7,17,2014,Y,N,N,N,N,N,TAP,96,0,0,0,64,32,0,0,0,0,0,0,0
8724,523D,TAMPINES CTRL 7,17,2014,Y,N,N,Y,N,N,TAP,96,0,0,0,64,32,0,0,0,0,0,0,0
8733,524,TAMPINES CTRL 7,1,2015,N,N,N,N,N,Y,TAP,0,0,0,0,0,0,0,0,0,0,0,0,0
8737,524A,TAMPINES CTRL 7,17,2014,Y,N,N,Y,N,N,TAP,128,0,0,0,48,80,0,0,0,0,0,0,0
8740,524B,TAMPINES CTRL 7,17,2014,Y,N,N,N,N,N,TAP,128,0,32,64,32,0,0,0,0,0,0,0,0
9501,601,TAMPINES AVE 9,2,2018,N,N,N,N,N,N,TAP,0,0,0,0,0,0,0,0,0,0,0,0,0
9506,601A,TAMPINES AVE 9,16,2018,Y,N,N,N,N,N,TAP,112,0,0,0,84,28,0,0,0,0,0,0,0
9509,601B,TAMPINES AVE 9,14,2018,Y,Y,N,N,N,N,TAP,96,0,0,72,24,0,0,0,0,0,0,0,0
9511,601C,TAMPINES AVE 9,16,2018,Y,N,N,N,N,N,TAP,112,0,0,0,84,28,0,0,0,0,0,0,0
9513,601D,TAMPINES AVE 9,14,2018,Y,N,N,N,N,N,TAP,96,0,0,48,24,24,0,0,0,0,0,0,0
9527,602A,TAMPINES AVE 9,1,2019,N,Y,N,N,N,N,TAP,0,0,0,0,0,0,0,0,0,0,0,0,0
9529,602B,TAMPINES AVE 9,1,2019,N,Y,N,N,N,N,TAP,0,0,0,0,0,0,0,0,0,0,0,0,0
9540,603,TAMPINES AVE 9,1,2019,N,N,N,N,N,Y,TAP,0,0,0,0,0,0,0,0,0,0,0,0,0
9546,603A,TAMPINES AVE 9,16,2018,Y,N,N,N,N,N,TAP,447,0,0,0,0,0,0,0,0,254,193,0,0
9558,604,TAMPINES AVE 9,1,2019,N,N,N,N,N,Y,TAP,0,0,0,0,0,0,0,0,0,0,0,0,0
9563,604A,TAMPINES AVE 9,14,2018,Y,N,N,Y,N,N,TAP,104,0,0,78,26,0,0,0,0,0,0,0,0
9565,604B,TAMPINES AVE 9,16,2018,Y,N,N,N,N,N,TAP,112,0,0,0,70,42,0,0,0,0,0,0,0
9575,605,TAMPINES ST 61,2,2018,N,N,N,N,N,N,TAP,0,0,0,0,0,0,0,0,0,0,0,0,0
9578,605A,TAMPINES ST 61,16,2018,Y,N,N,N,N,N,TAP,112,0,0,0,84,28,0,0,0,0,0,0,0
9580,605B,TAMPINES ST 61,14,2018,Y,N,N,Y,N,N,TAP,104,0,0,78,26,0,0,0,0,0,0,0,0
9581,605C,TAMPINES ST 61,16,2018,Y,N,N,Y,N,N,TAP,116,0,0,0,86,30,0,0,0,0,0,0,0
9582,605D,TAMPINES ST 61,14,2018,Y,N,N,N,N,N,TAP,96,0,0,48,24,24,0,0,0,0,0,0,0
9591,606,TAMPINES ST 61,1,2019,N,N,N,N,N,Y,TAP,0,0,0,0,0,0,0,0,0,0,0,0,0
9594,606A,TAMPINES ST 61,15,2018,Y,N,N,N,N,N,TAP,104,0,0,52,26,26,0,0,0,0,0,0,0
9595,606B,TAMPINES ST 61,16,2018,Y,N,N,Y,N,N,TAP,116,0,0,0,86,30,0,0,0,0,0,0,0
9596,606C,TAMPINES ST 61,14,2018,Y,N,N,Y,N,N,TAP,104,0,0,78,26,0,0,0,0,0,0,0,0
9597,606D,TAMPINES ST 61,16,2018,Y,N,N,N,N,N,TAP,112,0,0,0,70,42,0,0,0,0,0,0,0
9617,608,TAMPINES NTH DR 1,1,2021,N,N,N,N,N,Y,TAP,0,0,0,0,0,0,0,0,0,0,0,0,0
9620,608A,TAMPINES NTH DR 1,15,2019,Y,N,N,Y,N,N,TAP,112,0,0,0,56,56,0,0,0,0,0,0,0
9622,608B,TAMPINES NTH DR 1,15,2019,Y,N,N,N,N,N,TAP,111,0,0,0,56,55,0,0,0,0,0,0,0
9623,608C,TAMPINES NTH DR 1,15,2019,Y,N,N,N,N,N,TAP,111,0,0,28,27,56,0,0,0,0,0,0,0
9632,609,TAMPINES NTH DR 1,4,2019,N,N,N,N,Y,N,TAP,0,0,0,0,0,0,0,0,0,0,0,0,0
9637,609A,TAMPINES NTH DR 1,15,2019,Y,N,N,Y,N,N,TAP,108,0,0,0,52,56,0,0,0,0,0,0,0
9639,609B,TAMPINES NTH DR 1,15,2019,Y,N,N,N,N,N,TAP,111,0,0,0,55,56,0,0,0,0,0,0,0
9640,609C,TAMPINES NTH DR 1,15,2019,Y,N,N,N,N,N,TAP,167,0,52,27,28,0,0,0,60,0,0,0,0
9641,609D,TAMPINES NTH DR 1,15,2019,Y,N,N,N,N,N,TAP,165,0,70,25,28,0,0,0,42,0,0,0,0
9666,610,TAMPINES NTH DR 1,2,2020,N,Y,N,Y,N,N,TAP,0,0,0,0,0,0,0,0,0,0,0,0,0
9670,610A,TAMPINES NTH DR 1,15,2019,Y,N,N,N,N,N,TAP,109,0,0,0,53,56,0,0,0,0,0,0,0
9671,610B,TAMPINES NTH DR 1,15,2019,Y,N,N,N,N,N,TAP,111,0,0,0,55,56,0,0,0,0,0,0,0
9672,610C,TAMPINES NTH DR 1,15,2019,Y,N,N,Y,N,N,TAP,111,0,0,0,55,56,0,0,0,0,0,0,0
9681,611,TAMPINES NTH DR 1,1,2021,N,N,N,N,N,Y,TAP,0,0,0,0,0,0,0,0,0,0,0,0,0
9698,612A,TAMPINES NTH DR 1,15,2019,Y,N,N,N,N,N,TAP,112,0,0,28,56,28,0,0,0,0,0,0,0
9700,612B,TAMPINES NTH DR 1,15,2019,Y,N,N,N,N,N,TAP,107,0,0,0,54,53,0,0,0,0,0,0,0
9712,613,TAMPINES NTH DR 1,7,2019,N,N,N,Y,Y,Y,TAP,0,0,0,0,0,0,0,0,0,0,0,0,0
9721,613A,TAMPINES NTH DR 1,15,2019,Y,N,N,N,N,N,TAP,140,0,0,56,70,14,0,0,0,0,0,0,0
9725,613B,TAMPINES NTH DR 1,15,2019,Y,N,N,N,N,N,TAP,139,0,0,28,83,28,0,0,0,0,0,0,0
9736,614,TAMPINES NTH DR 1,2,2020,N,Y,N,Y,N,N,TAP,0,0,0,0,0,0,0,0,0,0,0,0,0
9741,614A,TAMPINES NTH DR 1,15,2019,Y,N,N,N,N,N,TAP,108,0,0,0,80,28,0,0,0,0,0,0,0
9744,614B,TAMPINES NTH DR 1,15,2019,Y,N,N,N,N,N,TAP,108,0,0,0,52,56,0,0,0,0,0,0,0
9789,618,TAMPINES ST 61,1,2021,N,N,N,N,N,N,TAP,0,0,0,0,0,0,0,0,0,0,0,0,0
9793,618A,TAMPINES ST 61,16,2021,Y,N,N,N,N,N,TAP,112,0,0,0,56,56,0,0,0,0,0,0,0
9795,618B,TAMPINES ST 61,15,2021,Y,N,N,N,N,N,TAP,104,0,0,0,52,52,0,0,0,0,0,0,0
9807,619A,TAMPINES ST 61,16,2021,Y,N,N,Y,N,N,TAP,126,0,0,0,84,42,0,0,0,0,0,0,0
9809,619B,TAMPINES ST 61,12,2021,Y,N,N,Y,N,N,TAP,90,0,0,0,60,30,0,0,0,0,0,0,0
9837,620,TAMPINES ST 61,1,2022,N,N,N,N,N,Y,TAP,0,0,0,0,0,0,0,0,0,0,0,0,0
9840,620A,TAMPINES ST 61,16,2021,Y,N,N,N,N,N,TAP,126,0,0,0,84,42,0,0,0,0,0,0,0
9841,620B,TAMPINES ST 61,12,2021,Y,N,N,N,N,N,TAP,90,0,0,0,60,30,0,0,0,0,0,0,0
9853,621A,TAMPINES ST 61,16,2021,Y,N,N,N,N,N,TAP,140,0,0,56,70,14,0,0,0,0,0,0,0
9855,621B,TAMPINES ST 61,16,2021,Y,N,N,N,N,N,TAP,128,0,0,56,62,10,0,0,0,0,0,0,0
9868,622A,TAMPINES AVE 12,15,2021,Y,Y,N,Y,N,N,TAP,104,0,0,0,52,52,0,0,0,0,0,0,0
9872,622B,TAMPINES AVE 12,15,2021,Y,Y,N,N,N,N,TAP,104,0,0,0,52,52,0,0,0,0,0,0,0
9884,623,TAMPINES AVE 12,1,2022,N,N,N,N,N,Y,TAP,0,0,0,0,0,0,0,0,0,0,0,0,0
9887,623A,TAMPINES AVE 12,15,2021,Y,N,N,Y,N,N,TAP,104,0,0,52,52,0,0,0,0,0,0,0,0
9889,623B,TAMPINES AVE 12,15,2021,Y,N,N,N,N,N,TAP,104,0,0,52,52,0,0,0,0,0,0,0,0
9891,623C,TAMPINES AVE 12,13,2021,Y,N,N,N,N,N,TAP,87,0,0,0,57,30,0,0,0,0,0,0,0
9904,624A,TAMPINES AVE 12,15,2021,Y,N,N,N,N,N,TAP,52,0,0,0,26,26,0,0,0,0,0,0,0
9908,624B,TAMPINES AVE 12,15,2021,Y,N,N,Y,N,N,TAP,97,0,0,0,41,56,0,0,0,0,0,0,0
9922,625A,TAMPINES ST 61,15,2021,Y,N,N,N,N,N,TAP,52,0,0,0,26,26,0,0,0,0,0,0,0
9925,625B,TAMPINES ST 61,15,2021,Y,Y,N,N,N,N,TAP,110,0,0,0,54,56,0,0,0,0,0,0,0
9937,626A,TAMPINES ST 61,15,2021,Y,N,N,N,N,N,TAP,104,0,0,0,52,52,0,0,0,0,0,0,0
9947,627,TAMPINES ST 61,1,2022,N,N,N,N,N,Y,TAP,0,0,0,0,0,0,0,0,0,0,0,0,0
9951,627A,TAMPINES ST 61,16,2021,Y,N,N,N,N,N,TAP,90,0,0,28,58,4,0,0,0,0,0,0,0
9952,627B,TAMPINES ST 61,16,2021,Y,N,N,Y,N,N,TAP,98,0,0,0,56,42,0,0,0,0,0,0,0
9971,629,TAMPINES NTH DR 2,2,2023,N,N,N,N,N,N,TAP,0,0,0,0,0,0,0,0,0,0,0,0,0
9976,629A,TAMPINES NTH DR 2,16,2022,Y,N,N,N,N,N,TAP,155,0,0,28,127,0,0,0,0,0,0,0,0
9978,629B,TAMPINES NTH DR 2,16,2022,Y,N,N,N,N,N,TAP,140,0,0,28,84,28,0,0,0,0,0,0,0
10003,630A,TAMPINES NTH DR 2,14,2023,Y,N,N,N,N,N,TAP,132,0,0,24,108,0,0,0,0,0,0,0,0
10005,630B,TAMPINES NTH DR 2,14,2023,Y,N,N,N,N,N,TAP,120,0,0,24,72,24,0,0,0,0,0,0,0
10014,631,TAMPINES NTH DR 2,1,2024,N,N,N,N,N,Y,TAP,0,0,0,0,0,0,0,0,0,0,0,0,0
10019,631A,TAMPINES NTH DR 2,13,2023,Y,N,N,N,N,N,TAP,100,0,0,0,68,32,0,0,0,0,0,0,0
10020,631B,TAMPINES NTH DR 2,13,2023,Y,N,N,N,N,N,TAP,108,0,0,0,66,42,0,0,0,0,0,0,0
10036,632A,TAMPINES NTH DR 2,14,2023,Y,N,N,N,N,N,TAP,108,0,0,0,59,49,0,0,0,0,0,0,0
10039,632B,TAMPINES NTH DR 2,15,2023,Y,N,N,N,N,N,TAP,81,0,0,0,41,40,0,0,0,0,0,0,0
10050,633,TAMPINES NTH DR 2,3,2022,N,Y,N,Y,N,N,TAP,0,0,0,0,0,0,0,0,0,0,0,0,0
10057,633A,TAMPINES NTH DR 2,16,2023,Y,N,N,N,N,N,TAP,120,0,0,0,63,57,0,0,0,0,0,0,0
10062,633B,TAMPINES NTH DR 2,16,2022,Y,N,N,Y,N,Y,TAP,87,0,0,0,30,57,0,0,0,0,0,0,0
10073,634,TAMPINES NTH DR 2,1,2023,N,N,N,N,N,N,TAP,0,0,0,0,0,0,0,0,0,0,0,0,0
10078,634A,TAMPINES NTH DR 2,16,2022,Y,N,N,N,N,N,TAP,119,0,0,0,65,54,0,0,0,0,0,0,0
10080,634B,TAMPINES NTH DR 2,16,2022,Y,N,N,N,N,N,TAP,82,0,0,0,42,40,0,0,0,0,0,0,0
10081,634C,TAMPINES NTH DR 2,16,2022,Y,N,N,N,N,N,TAP,119,0,0,0,65,54,0,0,0,0,0,0,0
10090,635,TAMPINES NTH DR 2,1,2024,N,N,N,N,N,Y,TAP,0,0,0,0,0,0,0,0,0,0,0,0,0
10098,635A,TAMPINES NTH DR 2,16,2022,Y,N,N,N,N,N,TAP,86,0,0,0,59,27,0,0,0,0,0,0,0
10101,635B,TAMPINES NTH DR 2,16,2022,Y,N,N,N,N,N,TAP,139,0,0,0,111,28,0,0,0,0,0,0,0
10104,635C,TAMPINES NTH DR 2,16,2022,Y,N,N,N,N,N,TAP,82,0,0,26,28,28,0,0,0,0,0,0,0
10119,636A,TAMPINES NTH DR 2,16,2022,Y,N,N,N,N,N,TAP,166,0,96,28,42,0,0,0,0,0,0,0,0
10123,636B,TAMPINES NTH DR 2,16,2022,Y,N,N,N,N,N,TAP,82,0,0,0,56,26,0,0,0,0,0,0,0
10125,636C,TAMPINES NTH DR 2,16,2022,Y,N,N,N,N,N,TAP,166,0,96,28,42,0,0,0,0,0,0,0,0
10134,637,TAMPINES ST 62,1,2024,N,N,N,N,N,N,TAP,0,0,0,0,0,0,0,0,0,0,0,0,0
10140,637A,TAMPINES ST 62,12,2023,Y,N,N,N,N,N,TAP,77,0,0,0,19,58,0,0,0,0,0,0,0
10143,637B,TAMPINES ST 62,13,2023,Y,N,N,N,N,N,TAP,136,0,0,0,72,64,0,0,0,0,0,0,0
10155,638,TAMPINES ST 62,1,2024,N,N,N,N,N,Y,TAP,0,0,0,0,0,0,0,0,0,0,0,0,0
10163,638A,TAMPINES ST 62,10,2023,Y,N,N,N,N,N,TAP,108,0,0,0,59,49,0,0,0,0,0,0,0
10166,638B,TAMPINES ST 62,12,2023,Y,N,N,N,N,N,TAP,106,0,0,0,62,44,0,0,0,0,0,0,0
10178,639,TAMPINES ST 62,1,2023,N,N,N,N,N,N,TAP,0,0,0,0,0,0,0,0,0,0,0,0,0
10181,639A,TAMPINES ST 62,10,2023,Y,N,N,N,N,N,TAP,108,0,0,0,75,33,0,0,0,0,0,0,0
10183,639B,TAMPINES ST 62,12,2023,Y,N,N,N,N,N,TAP,85,0,0,0,63,22,0,0,0,0,0,0,0
10205,640,TAMPINES ST 62,1,2024,N,N,N,N,N,Y,TAP,0,0,0,0,0,0,0,0,0,0,0,0,0
10211,640A,TAMPINES ST 62,11,2023,Y,N,N,N,N,N,TAP,90,0,0,0,54,36,0,0,0,0,0,0,0
10215,640B,TAMPINES ST 62,12,2023,Y,N,N,Y,N,N,TAP,140,0,0,0,40,100,0,0,0,0,0,0,0
10225,641,TAMPINES ST 62,1,2023,N,N,N,N,N,N,TAP,0,0,0,0,0,0,0,0,0,0,0,0,0
10229,641A,TAMPINES ST 62,13,2023,Y,N,N,Y,N,N,TAP,176,0,0,24,113,39,0,0,0,0,0,0,0
10231,641B,TAMPINES ST 62,14,2023,Y,N,N,N,N,N,TAP,175,0,0,74,101,0,0,0,0,0,0,0,0
10233,641C,TAMPINES ST 62,14,2023,Y,N,N,N,N,N,TAP,70,0,0,0,58,12,0,0,0,0,0,0,0
10281,645,TAMPINES ST 62,1,2023,N,N,N,N,N,Y,TAP,0,0,0,0,0,0,0,0,0,0,0,0,0
10284,645A,TAMPINES ST 62,14,2022,Y,N,N,N,N,N,TAP,134,0,0,0,88,46,0,0,0,0,0,0,0
10286,645B,TAMPINES ST 62,15,2022,Y,N,N,N,N,N,TAP,176,0,0,0,98,78,0,0,0,0,0,0,0
10294,646,TAMPINES ST 62,7,2022,N,N,N,N,Y,N,TAP,0,0,0,0,0,0,0,0,0,0,0,0,0
10298,646A,TAMPINES ST 62,14,2022,Y,N,N,N,N,N,TAP,98,0,0,0,46,52,0,0,0,0,0,0,0
10299,646B,TAMPINES ST 62,15,2022,Y,N,N,Y,N,N,TAP,134,0,0,0,78,56,0,0,0,0,0,0,0
10307,647,TAMPINES ST 62,8,2022,N,N,N,Y,Y,N,TAP,0,0,0,0,0,0,0,0,0,0,0,0,0
10314,647A,TAMPINES ST 62,15,2022,Y,N,N,N,N,N,TAP,194,0,0,0,110,84,0,0,0,0,0,0,0
10323,648,TAMPINES ST 62,1,2023,N,N,N,N,N,Y,TAP,0,0,0,0,0,0,0,0,0,0,0,0,0
10326,648A,TAMPINES ST 62,15,2022,Y,N,N,N,N,N,TAP,182,0,0,42,70,70,0,0,0,0,0,0,0
10328,648B,TAMPINES ST 62,15,2022,Y,N,N,N,N,N,TAP,182,0,0,42,70,70,0,0,0,0,0,0,0
10330,648C,TAMPINES ST 62,15,2022,Y,N,N,N,N,N,TAP,168,0,0,0,84,84,0,0,0,0,0,0,0
10478,659,TAMPINES ST 64,1,2024,N,N,N,N,N,Y,TAP,0,0,0,0,0,0,0,0,0,0,0,0,0
10505,660,TAMPINES ST 64,7,2024,N,N,N,N,Y,N,TAP,0,0,0,0,0,0,0,0,0,0,0,0,0
10512,660A,TAMPINES ST 64,16,2024,Y,N,N,N,N,N,TAP,118,0,0,0,60,58,0,0,0,0,0,0,0
10514,660B,TAMPINES ST 64,16,2024,Y,N,N,N,N,N,TAP,118,0,0,0,59,59,0,0,0,0,0,0,0
10516,660C,TAMPINES ST 64,16,2024,Y,N,N,N,N,N,TAP,118,0,0,0,60,58,0,0,0,0,0,0,0
10542,662,TAMPINES ST 64,5,2023,N,N,N,N,Y,N,TAP,0,0,0,0,0,0,0,0,0,0,0,0,0
10547,662A,TAMPINES ST 64,15,2023,Y,N,N,N,N,N,TAP,139,0,0,0,70,69,0,0,0,0,0,0,0
10550,662B,TAMPINES ST 64,15,2023,Y,N,N,Y,N,N,TAP,128,0,0,0,64,64,0,0,0,0,0,0,0
10553,662C,TAMPINES ST 64,16,2023,Y,N,N,Y,N,N,TAP,56,0,0,0,30,26,0,0,0,0,0,0,0
10561,663,TAMPINES ST 64,1,2024,N,N,N,N,N,Y,TAP,0,0,0,0,0,0,0,0,0,0,0,0,0
10566,663A,TAMPINES ST 64,16,2024,Y,N,N,Y,N,N,TAP,56,0,0,0,30,26,0,0,0,0,0,0,0
10570,663B,TAMPINES ST 64,16,2024,Y,N,N,N,N,N,TAP,134,0,0,0,68,66,0,0,0,0,0,0,0
10573,663C,TAMPINES ST 64,16,2023,Y,N,N,N,N,N,TAP,136,0,0,0,68,68,0,0,0,0,0,0,0
10595,665,TAMPINES ST 64,5,2024,N,N,N,N,Y,N,TAP,0,0,0,0,0,0,0,0,0,0,0,0,0
10600,665A,TAMPINES ST 64,16,2024,Y,N,N,N,N,N,TAP,89,0,0,30,30,29,0,0,0,0,0,0,0
10603,665B,TAMPINES ST 64,15,2024,Y,N,N,N,N,N,TAP,126,0,0,28,56,42,0,0,0,0,0,0,0
10605,665C,TAMPINES ST 64,16,2024,Y,N,N,N,N,N,TAP,131,0,0,30,60,41,0,0,0,0,0,0,0
11099,701,TAMPINES ST 71,14,1995,Y,N,N,N,N,N,TAP,78,0,0,0,52,26,0,0,0,0,0,0,0
11103,701A,TAMPINES ST 71,5,1995,N,N,N,N,Y,N,TAP,0,0,0,0,0,0,0,0,0,0,0,0,0
11114,702,TAMPINES ST 71,14,1995,Y,N,N,Y,N,N,TAP,91,0,0,0,65,26,0,0,0,0,0,0,0
11125,703,TAMPINES ST 71,14,1995,Y,Y,N,N,N,N,TAP,91,0,0,0,65,26,0,0,0,0,0,0,0
11135,704,TAMPINES ST 71,16,1995,Y,N,N,N,N,N,TAP,90,0,0,0,30,60,0,0,0,0,0,0,0
11140,704A,TAMPINES ST 71,1,1995,N,N,N,N,N,Y,TAP,0,0,0,0,0,0,0,0,0,0,0,0,0
11148,705,TAMPINES ST 71,16,1995,Y,N,N,N,N,N,TAP,90,0,0,0,30,60,0,0,0,0,0,0,0
11157,706,TAMPINES ST 71,16,1995,Y,N,N,N,N,N,TAP,92,0,0,0,31,61,0,0,0,0,0,0,0
11166,707,TAMPINES ST 71,14,1995,Y,N,N,Y,N,N,TAP,104,0,0,0,78,26,0,0,0,0,0,0,0
11175,708,TAMPINES ST 71,14,1996,Y,Y,N,N,N,N,TAP,104,0,0,0,78,26,0,0,0,0,0,0,0
11185,709,TAMPINES ST 71,16,1995,Y,N,N,N,N,N,TAP,92,0,0,0,31,61,0,0,0,0,0,0,0
11203,710,TAMPINES ST 71,14,1995,Y,Y,N,N,N,N,TAP,91,0,0,0,65,26,0,0,0,0,0,0,0
11215,711,TAMPINES ST 71,15,1995,Y,N,N,N,N,N,TAP,84,0,0,0,28,56,0,0,0,0,0,0,0
11225,712,TAMPINES ST 71,15,1995,Y,N,N,N,N,N,TAP,86,0,0,0,29,57,0,0,0,0,0,0,0
11236,713,TAMPINES ST 71,14,1995,Y,N,N,Y,N,N,TAP,104,0,0,0,78,26,0,0,0,0,0,0,0
11244,714,TAMPINES ST 71,14,1995,Y,N,N,Y,N,N,TAP,104,0,0,0,78,26,0,0,0,0,0,0,0
11254,715,TAMPINES ST 71,15,1995,Y,N,N,N,N,N,TAP,86,0,0,0,29,57,0,0,0,0,0,0,0
11262,716,TAMPINES ST 71,15,1995,Y,N,N,N,N,N,TAP,86,0,0,0,29,57,0,0,0,0,0,0,0
11265,716A,TAMPINES ST 71,5,1995,N,N,N,N,Y,N,TAP,0,0,0,0,0,0,0,0,0,0,0,0,0
11270,717,TAMPINES ST 72,14,1997,Y,Y,N,N,N,N,TAP,104,0,0,0,78,26,0,0,0,0,0,0,0
11279,718,TAMPINES ST 72,15,1996,Y,N,N,N,N,N,TAP,84,0,0,0,28,56,0,0,0,0,0,0,0
11287,719,TAMPINES ST 72,14,1996,Y,N,N,Y,N,N,TAP,91,0,0,0,65,26,0,0,0,0,0,0,0
11303,720,TAMPINES ST 72,15,1996,Y,N,N,N,N,N,TAP,86,0,0,0,29,57,0,0,0,0,0,0,0
11306,720A,TAMPINES ST 72,1,1996,N,N,N,N,N,Y,TAP,0,0,0,0,0,0,0,0,0,0,0,0,0
11312,721,TAMPINES ST 71,15,1995,Y,N,N,Y,N,N,TAP,84,0,0,0,28,56,0,0,0,0,0,0,0
11321,722,TAMPINES ST 72,15,1996,Y,N,N,N,N,N,TAP,84,0,0,0,28,56,0,0,0,0,0,0,0
11330,723,TAMPINES ST 72,15,1996,Y,N,N,N,N,N,TAP,84,0,0,0,28,56,0,0,0,0,0,0,0
11333,723A,TAMPINES ST 72,5,1996,N,N,N,N,Y,N,TAP,0,0,0,0,0,0,0,0,0,0,0,0,0
11339,724,TAMPINES ST 71,14,1995,Y,N,N,N,N,N,TAP,134,0,0,0,80,54,0,0,0,0,0,0,0
11347,725,TAMPINES ST 71,14,1995,Y,N,N,Y,N,N,TAP,127,0,0,0,76,51,0,0,0,0,0,0,0
11353,726,TAMPINES ST 71,14,1996,Y,N,N,Y,N,N,TAP,127,0,0,0,76,51,0,0,0,0,0,0,0
11359,727,TAMPINES ST 71,14,1996,Y,N,N,Y,N,N,TAP,98,0,0,0,49,49,0,0,0,0,0,0,0
11362,727A,TAMPINES ST 71,5,1995,N,N,N,N,Y,N,TAP,0,0,0,0,0,0,0,0,0,0,0,0,0
11366,728,TAMPINES ST 71,14,1996,Y,N,N,N,N,N,TAP,100,0,0,0,50,50,0,0,0,0,0,0,0
11373,729,TAMPINES ST 71,14,1996,Y,N,N,N,N,N,TAP,100,0,0,0,50,50,0,0,0,0,0,0,0
11389,730,TAMPINES ST 71,14,1996,Y,Y,N,Y,N,N,TAP,111,0,0,0,62,49,0,0,0,0,0,0,0
11392,730A,TAMPINES ST 71,5,1995,N,N,N,N,Y,N,TAP,0,0,0,0,0,0,0,0,0,0,0,0,0
11395,731,TAMPINES ST 71,14,1995,Y,N,N,N,N,N,TAP,134,0,0,0,80,54,0,0,0,0,0,0,0
11399,732,TAMPINES ST 71,14,1995,Y,N,N,N,N,N,TAP,134,0,0,0,80,54,0,0,0,0,0,0,0
11404,733,TAMPINES ST 71,14,1995,Y,N,N,N,N,N,TAP,130,0,0,0,78,52,0,0,0,0,0,0,0
11409,734,TAMPINES ST 71,14,1995,Y,N,N,N,N,N,TAP,104,0,0,0,52,52,0,0,0,0,0,0,0
11415,735,TAMPINES ST 72,14,1996,Y,Y,N,N,N,N,TAP,117,0,0,0,91,26,0,0,0,0,0,0,0
11420,736,TAMPINES ST 72,14,1996,Y,N,N,Y,N,N,TAP,91,0,0,0,65,26,0,0,0,0,0,0,0
11427,737,TAMPINES ST 72,14,1996,Y,N,N,N,N,N,TAP,52,0,0,0,0,0,52,0,0,0,0,0,0
11433,738,TAMPINES ST 72,14,1996,Y,N,N,N,N,N,TAP,52,0,0,0,0,0,52,0,0,0,0,0,0
11440,739,TAMPINES ST 72,14,1996,Y,N,N,N,N,N,TAP,52,0,0,0,0,0,52,0,0,0,0,0,0
11456,740,TAMPINES ST 72,14,1996,Y,N,N,N,N,N,TAP,52,0,0,0,0,0,52,0,0,0,0,0,0
11462,741,TAMPINES ST 72,14,1996,Y,Y,N,N,N,N,TAP,119,0,0,0,92,27,0,0,0,0,0,0,0
11468,742,TAMPINES ST 72,14,1996,Y,N,N,N,N,N,TAP,121,0,0,0,94,27,0,0,0,0,0,0,0
11471,742A,TAMPINES ST 72,5,1996,N,Y,N,N,Y,N,TAP,0,0,0,0,0,0,0,0,0,0,0,0,0
11929,801,TAMPINES AVE 4,4,1983,Y,Y,N,N,N,N,TAP,32,0,0,28,4,0,0,0,0,0,0,0,0
11941,802,TAMPINES AVE 4,4,1983,Y,Y,N,N,N,N,TAP,27,0,0,22,5,0,0,0,0,0,0,0,0
11950,803,TAMPINES AVE 4,9,1983,Y,Y,N,Y,N,N,TAP,140,0,0,104,32,2,2,0,0,0,0,0,0
11961,804,TAMPINES AVE 4,12,1983,Y,N,N,Y,N,N,TAP,88,0,0,0,12,76,0,0,0,0,0,0,0
11970,805,TAMPINES AVE 4,12,1983,Y,Y,N,N,N,N,TAP,88,0,0,0,88,0,0,0,0,0,0,0,0
11980,806,TAMPINES AVE 4,12,1983,Y,N,N,Y,N,N,TAP,110,0,0,66,44,0,0,0,0,0,0,0,0
11986,807,TAMPINES AVE 4,12,1983,Y,N,N,N,N,N,TAP,110,0,0,66,44,0,0,0,0,0,0,0,0
11997,808,TAMPINES AVE 4,12,1983,Y,N,N,N,N,N,TAP,110,0,0,66,44,0,0,0,0,0,0,0,0
12010,809,TAMPINES AVE 4,12,1983,Y,N,N,N,N,N,TAP,110,0,0,66,44,0,0,0,0,0,0,0,0
12031,810,TAMPINES AVE 4,12,1983,Y,N,N,N,N,N,TAP,110,0,0,66,44,0,0,0,0,0,0,0,0
12040,811,TAMPINES AVE 4,12,1983,Y,Y,N,N,N,N,TAP,110,0,0,0,110,0,0,0,0,0,0,0,0
12046,812,TAMPINES AVE 4,12,1983,Y,N,N,N,N,N,TAP,110,0,0,0,110,0,0,0,0,0,0,0,0
12054,813,TAMPINES ST 81,12,1983,Y,N,N,N,N,N,TAP,110,0,0,66,44,0,0,0,0,0,0,0,0
12063,814,TAMPINES ST 81,12,1983,Y,N,N,N,N,N,TAP,110,0,0,66,44,0,0,0,0,0,0,0,0
12067,815,TAMPINES AVE 4,16,1984,Y,Y,N,N,N,N,TAP,90,0,0,0,12,78,0,0,0,0,0,0,0
12074,816,TAMPINES AVE 4,16,1984,Y,N,N,N,N,N,TAP,90,0,0,0,12,78,0,0,0,0,0,0,0
12082,817,TAMPINES ST 81,12,1983,Y,N,N,Y,N,N,TAP,110,0,0,66,44,0,0,0,0,0,0,0,0
12090,818,TAMPINES ST 81,12,1983,Y,N,N,N,N,N,TAP,110,0,0,66,44,0,0,0,0,0,0,0,0
12097,819,TAMPINES ST 81,9,1983,Y,Y,N,N,N,N,TAP,141,0,0,106,32,2,1,0,0,0,0,0,0
12119,820,TAMPINES ST 81,4,1983,Y,Y,N,N,N,N,TAP,39,0,0,34,5,0,0,0,0,0,0,0,0
12125,821,TAMPINES ST 81,4,1984,Y,Y,N,N,N,N,TAP,24,0,0,24,0,0,0,0,0,0,0,0,0
12130,822,TAMPINES ST 81,4,1984,Y,Y,N,N,N,N,TAP,22,0,0,22,0,0,0,0,0,0,0,0,0
12134,823,TAMPINES ST 81,3,1987,N,Y,N,N,N,N,TAP,0,0,0,0,0,0,0,0,0,0,0,0,0
12137,823A,TAMPINES ST 81,4,2000,N,Y,Y,N,Y,N,TAP,0,0,0,0,0,0,0,0,0,0,0,0,0
12140,824,TAMPINES ST 81,4,1984,Y,Y,N,N,N,N,TAP,48,0,0,48,0,0,0,0,0,0,0,0,0
12145,825,TAMPINES ST 81,4,1984,Y,Y,N,N,N,N,TAP,31,0,0,30,0,0,1,0,0,0,0,0,0
12149,826,TAMPINES ST 81,4,1984,Y,Y,N,N,N,N,TAP,52,0,0,51,0,0,1,0,0,0,0,0,0
12152,826A,TAMPINES ST 81,1,1985,N,Y,N,N,N,N,TAP,0,0,0,0,0,0,0,0,0,0,0,0,0
12154,827,TAMPINES ST 81,4,1984,Y,Y,N,N,N,N,TAP,47,0,0,47,0,0,0,0,0,0,0,0,0
12157,827A,TAMPINES ST 81,15,2001,Y,N,N,Y,N,N,TAP,208,0,67,0,0,0,0,0,141,0,0,0,0
12158,827B,TAMPINES ST 81,1,2001,N,N,N,N,N,Y,TAP,0,0,0,0,0,0,0,0,0,0,0,0,0
12160,828,TAMPINES ST 81,4,1984,Y,Y,N,N,N,N,TAP,52,0,0,51,0,0,1,0,0,0,0,0,0
12164,828A,TAMPINES ST 81,1,1985,N,Y,N,N,N,N,TAP,0,0,0,0,0,0,0,0,0,0,0,0,0
12166,829,TAMPINES ST 81,4,1984,Y,Y,N,N,N,N,TAP,47,0,0,47,0,0,0,0,0,0,0,0,0
12183,830,TAMPINES ST 82,4,1985,Y,N,N,N,N,N,TAP,71,0,0,54,16,1,0,0,0,0,0,0,0
12190,831,TAMPINES ST 83,4,1985,Y,N,N,N,N,N,TAP,72,0,0,56,16,0,0,0,0,0,0,0,0
12195,832,TAMPINES ST 82,13,1984,Y,N,N,N,N,N,TAP,96,0,0,0,96,0,0,0,0,0,0,0,0
12201,833,TAMPINES ST 83,13,1984,Y,N,N,N,N,N,TAP,96,0,0,0,96,0,0,0,0,0,0,0,0
12206,834,TAMPINES ST 82,4,1985,Y,N,N,N,N,N,TAP,16,0,0,8,8,0,0,0,0,0,0,0,0
12211,835,TAMPINES ST 83,4,1985,Y,Y,N,N,N,N,TAP,16,0,0,12,4,0,0,0,0,0,0,0,0
12216,836,TAMPINES ST 82,13,1984,Y,N,N,N,N,N,TAP,96,0,0,0,96,0,0,0,0,0,0,0,0
12221,837,TAMPINES ST 83,13,1984,Y,N,N,N,N,N,TAP,96,0,0,0,96,0,0,0,0,0,0,0,0
12227,838,TAMPINES ST 82,13,1984,Y,N,N,N,N,N,TAP,96,0,0,0,96,0,0,0,0,0,0,0,0
12232,839,TAMPINES ST 83,13,1984,Y,N,N,Y,N,N,TAP,96,0,0,0,96,0,0,0,0,0,0,0,0
12248,840,TAMPINES ST 82,11,1985,Y,Y,N,Y,N,N,TAP,124,0,0,0,72,52,0,0,0,0,0,0,0
12253,841,TAMPINES ST 83,11,1985,Y,Y,N,N,N,N,TAP,124,0,0,0,72,52,0,0,0,0,0,0,0
12259,842,TAMPINES ST 82,11,1985,Y,Y,N,Y,N,N,TAP,124,0,0,0,72,52,0,0,0,0,0,0,0
12261,842A,TAMPINES ST 82,6,1993,N,N,N,N,Y,N,TAP,0,0,0,0,0,0,0,0,0,0,0,0,0
12262,842B,TAMPINES ST 82,16,1993,Y,N,N,Y,N,N,TAP,132,0,0,0,61,71,0,0,0,0,0,0,0
12263,842C,TAMPINES ST 82,16,1993,Y,N,N,Y,N,N,TAP,94,0,0,0,38,56,0,0,0,0,0,0,0
12264,842D,TAMPINES ST 82,16,1993,Y,N,N,N,N,N,TAP,97,0,0,0,52,45,0,0,0,0,0,0,0
12265,842E,TAMPINES ST 82,16,1994,Y,N,N,N,N,N,TAP,82,0,0,0,26,56,0,0,0,0,0,0,0
12266,842F,TAMPINES ST 82,16,1993,Y,N,N,N,N,N,TAP,69,0,0,0,26,43,0,0,0,0,0,0,0
12267,842G,TAMPINES ST 82,16,1994,Y,N,N,Y,N,N,TAP,135,0,0,0,79,56,0,0,0,0,0,0,0
12268,842H,TAMPINES ST 82,16,1994,Y,Y,N,N,N,N,TAP,132,0,0,0,61,71,0,0,0,0,0,0,0
12270,843,TAMPINES ST 83,11,1986,Y,Y,N,N,N,N,TAP,124,0,0,0,72,52,0,0,0,0,0,0,0
12274,844,TAMPINES ST 82,4,1985,Y,Y,N,N,N,N,TAP,18,0,0,12,5,1,0,0,0,0,0,0,0
12279,845,TAMPINES ST 83,12,1985,Y,N,N,N,N,N,TAP,110,0,0,66,44,0,0,0,0,0,0,0,0
12284,846,TAMPINES ST 82,12,1985,Y,N,N,N,N,N,TAP,110,0,0,66,44,0,0,0,0,0,0,0,0
12289,847,TAMPINES ST 83,12,1985,Y,N,N,N,N,N,TAP,110,0,0,66,44,0,0,0,0,0,0,0,0
12293,848,TAMPINES ST 82,12,1985,Y,N,N,N,N,N,TAP,110,0,0,66,44,0,0,0,0,0,0,0,0
12298,849,TAMPINES ST 83,4,1986,Y,N,N,N,N,N,TAP,32,0,0,16,16,0,0,0,0,0,0,0,0
12318,850,TAMPINES ST 82,4,1985,Y,N,N,N,N,N,TAP,32,0,0,16,16,0,0,0,0,0,0,0,0
12324,851,TAMPINES ST 83,12,1985,Y,N,N,N,N,N,TAP,110,0,0,66,44,0,0,0,0,0,0,0,0
12329,852,TAMPINES ST 82,12,1984,Y,N,N,N,N,N,TAP,110,0,0,66,44,0,0,0,0,0,0,0,0
12334,853,TAMPINES ST 83,12,1985,Y,N,N,N,N,N,TAP,110,0,0,66,44,0,0,0,0,0,0,0,0
12338,854,TAMPINES ST 82,12,1985,Y,N,N,Y,N,N,TAP,110,0,0,66,44,0,0,0,0,0,0,0,0
12343,855,TAMPINES ST 83,11,1986,Y,Y,N,Y,N,N,TAP,124,0,0,0,72,52,0,0,0,0,0,0,0
12348,856,TAMPINES ST 82,11,1985,Y,Y,N,Y,N,N,TAP,124,0,0,0,72,52,0,0,0,0,0,0,0
12350,856A,TAMPINES ST 82,5,1993,N,N,N,N,Y,N,TAP,0,0,0,0,0,0,0,0,0,0,0,0,0
12351,856B,TAMPINES ST 82,16,1994,Y,N,N,N,N,N,TAP,78,0,0,0,0,0,78,0,0,0,0,0,0
12352,856C,TAMPINES ST 82,16,1994,Y,N,N,N,N,N,TAP,80,0,0,0,0,0,80,0,0,0,0,0,0
12353,856D,TAMPINES ST 82,15,1993,Y,N,N,N,N,N,TAP,76,0,0,0,0,0,76,0,0,0,0,0,0
12354,856E,TAMPINES ST 82,15,1994,Y,Y,N,Y,N,N,TAP,76,0,0,0,0,0,76,0,0,0,0,0,0
12355,856F,TAMPINES ST 82,15,1994,Y,N,N,N,N,N,TAP,78,0,0,0,0,0,78,0,0,0,0,0,0
12357,857,TAMPINES ST 83,11,1987,Y,N,N,Y,N,N,TAP,80,0,0,0,0,0,80,0,0,0,0,0,0
12359,857A,TAMPINES ST 83,4,1987,Y,N,N,N,N,N,TAP,16,0,0,0,10,6,0,0,0,0,0,0,0
12360,857B,TAMPINES ST 83,4,1987,Y,N,N,N,N,N,TAP,16,0,0,0,10,6,0,0,0,0,0,0,0
12362,858,TAMPINES AVE 5,11,1987,Y,N,N,Y,N,N,TAP,80,0,0,0,0,0,80,0,0,0,0,0,0
12365,858A,TAMPINES AVE 5,4,1987,Y,N,N,N,N,N,TAP,16,0,0,0,10,6,0,0,0,0,0,0,0
12366,858B,TAMPINES AVE 5,4,1987,Y,N,N,N,N,N,TAP,16,0,0,0,10,6,0,0,0,0,0,0,0
12367,858C,TAMPINES WALK,14,2023,Y,N,N,N,N,N,TAP,181,0,78,26,51,26,0,0,0,0,0,0,0
12368,858D,TAMPINES WALK,13,2023,Y,N,N,N,N,N,TAP,47,0,0,0,23,24,0,0,0,0,0,0,0
12369,858E,TAMPINES WALK,4,2023,N,N,N,Y,Y,N,TAP,0,0,0,0,0,0,0,0,0,0,0,0,0
12371,859,TAMPINES AVE 5,13,1987,Y,N,N,N,N,N,TAP,96,0,0,0,54,42,0,0,0,0,0,0,0
12375,859A,TAMPINES AVE 5,13,1987,Y,Y,N,N,N,N,TAP,96,0,0,0,54,42,0,0,0,0,0,0,0
12377,859B,TAMPINES AVE 5,6,2018,N,N,N,N,Y,N,TAP,0,0,0,0,0,0,0,0,0,0,0,0,0
12378,859C,TAMPINES WALK,14,2023,Y,N,N,N,N,N,TAP,181,0,78,26,52,25,0,0,0,0,0,0,0
12379,859D,TAMPINES WALK,12,2023,Y,N,N,N,N,N,TAP,120,0,0,0,54,66,0,0,0,0,0,0,0
12380,859E,TAMPINES WALK,1,2024,N,N,N,N,N,Y,TAP,0,0,0,0,0,0,0,0,0,0,0,0,0
12393,860,TAMPINES AVE 5,11,1987,Y,N,N,Y,N,N,TAP,80,0,0,0,0,0,80,0,0,0,0,0,0
12396,860A,TAMPINES AVE 5,4,1987,Y,N,N,N,N,N,TAP,16,0,0,0,10,6,0,0,0,0,0,0,0
12397,860B,TAMPINES AVE 5,4,1987,Y,N,N,N,N,N,TAP,16,0,0,0,10,6,0,0,0,0,0,0,0
12398,860C,TAMPINES WALK,15,2023,Y,N,N,N,N,N,TAP,56,0,0,14,14,28,0,0,0,0,0,0,0
12399,860D,TAMPINES WALK,13,2023,Y,N,N,N,N,N,TAP,72,0,0,24,24,24,0,0,0,0,0,0,0
12401,861,TAMPINES AVE 5,13,1987,Y,Y,N,N,N,N,TAP,96,0,0,0,54,42,0,0,0,0,0,0,0
12404,861A,TAMPINES AVE 5,13,1987,Y,N,N,N,N,N,TAP,96,0,0,0,54,42,0,0,0,0,0,0,0
12406,862,TAMPINES ST 83,13,1987,Y,N,N,N,N,N,TAP,96,0,0,0,54,42,0,0,0,0,0,0,0
12409,862A,TAMPINES ST 83,13,1987,Y,N,N,N,N,N,TAP,96,0,0,0,54,42,0,0,0,0,0,0,0
12412,863,TAMPINES ST 83,11,1987,Y,N,N,N,N,N,TAP,80,0,0,0,0,0,80,0,0,0,0,0,0
12415,863A,TAMPINES ST 83,4,1987,Y,N,N,N,N,N,TAP,16,0,0,0,10,6,0,0,0,0,0,0,0
12416,863B,TAMPINES ST 83,4,1987,Y,N,N,N,N,N,TAP,16,0,0,0,10,6,0,0,0,0,0,0,0
12418,864,TAMPINES ST 83,13,1987,Y,N,N,N,N,N,TAP,96,0,0,0,54,42,0,0,0,0,0,0,0
12421,864A,TAMPINES ST 83,13,1987,Y,N,N,N,N,N,TAP,96,0,0,0,54,42,0,0,0,0,0,0,0
12422,864B,TAMPINES ST 83,5,1989,N,N,N,N,Y,N,TAP,0,0,0,0,0,0,0,0,0,0,0,0,0
12424,865,TAMPINES ST 83,12,1988,Y,Y,N,N,N,N,TAP,77,0,0,0,55,22,0,0,0,0,0,0,0
12429,866,TAMPINES ST 83,15,1988,Y,N,N,Y,N,N,TAP,110,0,0,0,88,22,0,0,0,0,0,0,0
12432,866A,TAMPINES ST 83,4,2004,N,Y,N,Y,N,N,TAP,0,0,0,0,0,0,0,0,0,0,0,0,0
12434,867,TAMPINES ST 83,12,1988,Y,N,N,Y,N,N,TAP,88,0,0,0,48,40,0,0,0,0,0,0,0
12437,867A,TAMPINES ST 83,9,1988,Y,N,N,Y,N,N,TAP,56,0,0,0,0,0,56,0,0,0,0,0,0
12438,868,TAMPINES ST 83,12,1988,Y,N,N,N,N,N,TAP,110,0,0,0,70,40,0,0,0,0,0,0,0
12441,868A,TAMPINES AVE 8,16,2014,Y,N,N,Y,N,N,TAP,90,0,0,30,60,0,0,0,0,0,0,0,0
12442,868B,TAMPINES AVE 8,16,2014,Y,N,N,N,N,N,TAP,118,0,13,0,58,0,0,0,47,0,0,0,0
12443,868C,TAMPINES AVE 8,15,2014,Y,N,N,Y,N,N,TAP,126,0,19,42,0,0,0,0,65,0,0,0,0
12444,868D,TAMPINES AVE 8,1,2015,N,N,N,N,N,Y,TAP,0,0,0,0,0,0,0,0,0,0,0,0,0
12445,869,TAMPINES ST 83,12,1988,Y,N,N,N,N,N,TAP,88,0,0,0,48,40,0,0,0,0,0,0,0
12447,869A,TAMPINES AVE 8,16,2014,Y,N,N,N,N,N,TAP,90,0,0,30,60,0,0,0,0,0,0,0,0
12448,869B,TAMPINES AVE 8,15,2014,Y,N,N,N,N,N,TAP,98,0,0,56,42,0,0,0,0,0,0,0,0
12449,869C,TAMPINES AVE 8,6,2013,N,N,N,N,Y,N,TAP,0,0,0,0,0,0,0,0,0,0,0,0,0
12459,870,TAMPINES ST 83,12,1988,Y,N,N,N,N,N,TAP,110,0,0,0,70,40,0,0,0,0,0,0,0
12462,870A,TAMPINES ST 86,16,2015,Y,N,N,Y,N,N,TAP,135,0,0,0,90,45,0,0,0,0,0,0,0
12463,870B,TAMPINES ST 86,5,2015,N,N,N,N,Y,N,TAP,0,0,0,0,0,0,0,0,0,0,0,0,0
12464,870C,TAMPINES ST 86,1,2015,N,N,N,N,N,Y,TAP,0,0,0,0,0,0,0,0,0,0,0,0,0
12465,871,TAMPINES ST 84,12,1988,Y,N,N,Y,N,N,TAP,110,0,0,0,70,40,0,0,0,0,0,0,0
12468,871A,TAMPINES ST 84,12,1988,Y,N,N,N,N,N,TAP,87,0,0,0,68,19,0,0,0,0,0,0,0
12469,871B,TAMPINES ST 86,16,2015,Y,N,N,Y,N,N,TAP,135,0,0,0,90,45,0,0,0,0,0,0,0
12470,871C,TAMPINES ST 86,16,2015,Y,N,N,N,N,N,TAP,110,0,0,0,35,75,0,0,0,0,0,0,0
12471,872,TAMPINES ST 84,12,1988,Y,N,N,N,N,N,TAP,88,0,0,0,48,40,0,0,0,0,0,0,0
12474,872A,TAMPINES ST 86,16,2016,Y,N,N,N,N,N,TAP,240,0,0,0,0,0,0,0,0,135,105,0,0
12475,872B,TAMPINES ST 86,16,2016,Y,N,N,N,N,N,TAP,270,0,0,0,0,0,0,0,0,165,105,0,0
12476,872C,TAMPINES ST 86,2,2016,N,Y,N,N,N,N,TAP,0,0,0,0,0,0,0,0,0,0,0,0,0
12477,873,TAMPINES ST 84,12,1988,Y,Y,N,N,N,N,TAP,88,0,0,0,48,40,0,0,0,0,0,0,0
12480,873A,TAMPINES ST 85,6,2020,N,N,N,N,Y,N,TAP,0,0,0,0,0,0,0,0,0,0,0,0,0
12481,873B,TAMPINES ST 85,1,2021,N,N,N,N,N,Y,TAP,0,0,0,0,0,0,0,0,0,0,0,0,0
12482,874,TAMPINES ST 84,12,1988,Y,N,N,Y,N,N,TAP,110,0,0,0,70,40,0,0,0,0,0,0,0
12485,874A,TAMPINES ST 84,9,1988,Y,N,N,N,N,N,TAP,64,0,0,0,0,0,64,0,0,0,0,0,0
12487,874B,TAMPINES ST 85,15,2020,Y,N,N,Y,N,N,TAP,96,0,0,0,41,55,0,0,0,0,0,0,0
12488,874C,TAMPINES ST 85,15,2020,Y,N,N,Y,N,N,TAP,112,0,0,0,56,56,0,0,0,0,0,0,0
12489,874D,TAMPINES ST 85,15,2021,Y,N,N,Y,N,N,TAP,111,0,0,0,56,55,0,0,0,0,0,0,0
12490,875,TAMPINES ST 84,12,1987,Y,N,N,N,N,N,TAP,110,0,0,66,44,0,0,0,0,0,0,0,0
12493,875A,TAMPINES ST 86,5,2020,N,N,N,N,Y,N,TAP,0,0,0,0,0,0,0,0,0,0,0,0,0
12494,875B,TAMPINES ST 86,15,2020,Y,N,N,Y,N,N,TAP,96,0,0,0,41,55,0,0,0,0,0,0,0
12495,876,TAMPINES ST 84,12,1987,Y,N,N,N,N,N,TAP,77,0,0,0,37,40,0,0,0,0,0,0,0
12498,876A,TAMPINES AVE 8,15,2020,Y,N,N,Y,N,N,TAP,112,0,0,0,56,56,0,0,0,0,0,0,0
12499,876B,TAMPINES AVE 8,1,2021,N,N,N,N,N,Y,TAP,0,0,0,0,0,0,0,0,0,0,0,0,0
12500,876C,TAMPINES AVE 8,15,2020,Y,N,N,N,N,N,TAP,111,0,0,0,56,55,0,0,0,0,0,0,0
12501,877,TAMPINES ST 84,12,1987,Y,N,N,Y,N,N,TAP,110,0,0,66,44,0,0,0,0,0,0,0,0
12504,878,TAMPINES AVE 8,12,1987,Y,Y,N,Y,N,N,TAP,110,0,0,66,44,0,0,0,0,0,0,0,0
12507,878A,TAMPINES AVE 8,15,2016,Y,N,N,N,N,N,TAP,101,0,0,40,61,0,0,0,0,0,0,0,0
12508,878B,TAMPINES AVE 8,15,2016,Y,N,N,N,N,N,TAP,82,0,0,27,55,0,0,0,0,0,0,0,0
12509,878C,TAMPINES AVE 8,2,2016,N,Y,N,Y,N,N,TAP,0,0,0,0,0,0,0,0,0,0,0,0,0
12510,879,TAMPINES AVE 8,12,1987,Y,N,N,N,N,N,TAP,132,0,0,66,66,0,0,0,0,0,0,0,0
12513,879A,TAMPINES AVE 8,15,2016,Y,N,N,N,N,N,TAP,105,0,0,38,67,0,0,0,0,0,0,0,0
12514,879B,TAMPINES AVE 8,15,2016,Y,N,N,Y,N,N,TAP,136,0,0,55,81,0,0,0,0,0,0,0,0
12515,879C,TAMPINES AVE 8,6,2016,N,N,N,N,Y,N,TAP,0,0,0,0,0,0,0,0,0,0,0,0,0
12516,879D,TAMPINES AVE 8,1,2017,N,N,N,N,N,Y,TAP,0,0,0,0,0,0,0,0,0,0,0,0,0
12528,880,TAMPINES AVE 8,9,1987,Y,N,N,Y,N,N,TAP,80,0,0,0,52,28,0,0,0,0,0,0,0
12531,880A,TAMPINES AVE 8,4,1987,Y,N,N,N,N,N,TAP,24,0,0,0,18,6,0,0,0,0,0,0,0
12532,881,TAMPINES ST 84,12,1987,Y,N,N,N,N,N,TAP,110,0,0,66,44,0,0,0,0,0,0,0,0
12535,882,TAMPINES ST 84,12,1987,Y,N,N,Y,N,N,TAP,77,0,0,0,37,40,0,0,0,0,0,0,0
12537,882A,TAMPINES ST 83,5,1989,N,N,N,N,Y,N,TAP,0,0,0,0,0,0,0,0,0,0,0,0,0
12538,883,TAMPINES ST 84,12,1987,Y,N,N,N,N,N,TAP,110,0,0,66,44,0,0,0,0,0,0,0,0
12541,884,TAMPINES ST 83,12,1987,Y,N,N,N,N,N,TAP,110,0,0,66,44,0,0,0,0,0,0,0,0
12542,885,TAMPINES ST 83,12,1987,Y,N,N,N,N,N,TAP,132,0,0,66,66,0,0,0,0,0,0,0,0
12543,885A,TAMPINES ST 83,14,2011,Y,N,N,Y,N,N,TAP,234,0,0,0,0,0,0,0,0,182,52,0,0
12544,886,TAMPINES ST 83,9,1987,Y,N,N,N,N,N,TAP,80,0,0,0,52,28,0,0,0,0,0,0,0
12546,886A,TAMPINES ST 83,4,1987,Y,N,N,N,N,N,TAP,24,0,0,0,18,6,0,0,0,0,0,0,0
12551,887,TAMPINES ST 81,13,1988,Y,N,N,Y,N,N,TAP,108,0,0,0,66,42,0,0,0,0,0,0,0
12553,887A,TAMPINES ST 81,4,1988,Y,N,N,N,N,N,TAP,16,0,0,0,10,6,0,0,0,0,0,0,0
12557,888,TAMPINES ST 81,13,1988,Y,N,N,N,N,N,TAP,108,0,0,0,66,42,0,0,0,0,0,0,0
12559,888A,TAMPINES ST 81,13,1988,Y,N,N,N,N,N,TAP,96,0,0,0,54,42,0,0,0,0,0,0,0
12561,889,TAMPINES ST 81,13,1988,Y,N,N,N,N,N,TAP,90,0,0,0,0,0,90,0,0,0,0,0,0
12563,889A,TAMPINES ST 81,13,1988,Y,N,N,Y,N,N,TAP,120,0,0,0,78,42,0,0,0,0,0,0,0
12577,890,TAMPINES AVE 1,4,2014,N,N,N,N,Y,N,TAP,0,0,0,0,0,0,0,0,0,0,0,0,0
12579,890A,TAMPINES AVE 1,16,2014,Y,N,N,Y,N,N,TAP,120,0,0,30,90,0,0,0,0,0,0,0,0
12581,890B,TAMPINES AVE 1,16,2014,Y,N,N,Y,N,N,TAP,120,0,0,30,90,0,0,0,0,0,0,0,0
12583,890C,TAMPINES AVE 1,14,2014,Y,N,N,N,N,N,TAP,55,0,0,39,16,0,0,0,0,0,0,0,0
12584,890D,TAMPINES AVE 1,1,2014,N,N,N,N,N,Y,TAP,0,0,0,0,0,0,0,0,0,0,0,0,0
12585,891,TAMPINES AVE 8,16,1996,Y,Y,N,N,N,N,TAP,90,0,0,0,90,0,0,0,0,0,0,0,0
12586,891A,TAMPINES AVE 8,16,1995,Y,N,N,N,N,N,TAP,90,0,0,0,90,0,0,0,0,0,0,0,0
12588,891B,TAMPINES AVE 8,5,1995,N,N,N,N,Y,N,TAP,0,0,0,0,0,0,0,0,0,0,0,0,0
12591,892,TAMPINES AVE 8,12,1995,Y,N,N,N,N,N,TAP,60,0,0,0,0,0,60,0,0,0,0,0,0
12592,892A,TAMPINES AVE 8,16,1995,Y,N,N,N,N,N,TAP,74,0,0,0,0,0,74,0,0,0,0,0,0
12596,893,TAMPINES AVE 8,16,1996,Y,N,N,N,N,N,TAP,74,0,0,0,0,0,74,0,0,0,0,0,0
12598,893A,TAMPINES AVE 8,12,1995,Y,N,N,N,N,N,TAP,60,0,0,0,0,0,60,0,0,0,0,0,0
12603,894,TAMPINES ST 81,11,1988,Y,N,N,N,N,N,TAP,90,0,0,0,0,0,90,0,0,0,0,0,0
12604,894A,TAMPINES ST 81,12,1987,Y,N,N,N,N,N,TAP,110,0,0,66,44,0,0,0,0,0,0,0,0
12609,895,TAMPINES ST 81,11,1988,Y,N,N,N,N,N,TAP,90,0,0,0,0,0,90,0,0,0,0,0,0
12610,895A,TAMPINES ST 81,11,1988,Y,N,N,N,N,N,TAP,60,0,0,0,0,0,60,0,0,0,0,0,0
12616,896,TAMPINES ST 81,13,1988,Y,N,N,Y,N,N,TAP,96,0,0,0,54,42,0,0,0,0,0,0,0
12617,896A,TAMPINES ST 81,13,1988,Y,N,N,N,N,N,TAP,66,0,0,0,0,0,66,0,0,0,0,0,0
12621,897,TAMPINES ST 81,13,1988,Y,N,N,N,N,N,TAP,108,0,0,0,66,42,0,0,0,0,0,0,0
12622,897A,TAMPINES ST 81,12,1987,Y,N,N,N,N,N,TAP,132,0,0,66,66,0,0,0,0,0,0,0,0
12628,898,TAMPINES ST 81,12,1987,Y,N,N,N,N,N,TAP,110,0,0,66,44,0,0,0,0,0,0,0,0
12629,898A,TAMPINES ST 81,13,1988,Y,N,N,N,N,N,TAP,108,0,0,0,66,42,0,0,0,0,0,0,0
12632,899,TAMPINES ST 81,12,1987,Y,N,N,N,N,N,TAP,110,0,0,66,44,0,0,0,0,0,0,0,0
12633,899A,TAMPINES ST 81,12,1987,Y,N,N,N,N,N,TAP,132,0,0,66,66,0,0,0,0,0,0,0,0
12679,902,TAMPINES AVE 4,16,1983,Y,Y,N,N,N,N,TAP,142,0,0,0,142,0,0,0,0,0,0,0,0
12681,903,TAMPINES AVE 4,9,1983,Y,N,N,Y,N,N,TAP,84,0,0,0,20,64,0,0,0,0,0,0,0
12685,906,TAMPINES AVE 4,4,1983,Y,N,N,N,N,N,TAP,32,0,0,0,32,0,0,0,0,0,0,0,0
12687,907,TAMPINES AVE 4,13,1983,Y,N,N,N,N,N,TAP,124,0,0,76,48,0,0,0,0,0,0,0,0
12689,908,TAMPINES AVE 4,4,1983,Y,N,N,N,N,N,TAP,32,0,0,0,32,0,0,0,0,0,0,0,0
12692,909,TAMPINES AVE 4,13,1983,Y,N,N,N,N,N,TAP,122,0,0,71,48,0,2,0,0,0,0,1,0
12711,910,TAMPINES ST 91,13,1984,Y,Y,N,N,N,N,TAP,111,0,0,0,111,0,0,0,0,0,0,0,0
12714,911,TAMPINES ST 91,13,1984,Y,N,N,N,N,N,TAP,112,0,0,0,112,0,0,0,0,0,0,0,0
12717,912,TAMPINES ST 91,9,1983,Y,N,N,N,N,N,TAP,84,0,0,0,20,64,0,0,0,0,0,0,0
12720,913,TAMPINES ST 91,4,1983,Y,N,N,N,N,N,TAP,32,0,0,0,32,0,0,0,0,0,0,0,0
12723,914,TAMPINES ST 91,13,1983,Y,N,N,N,N,N,TAP,123,0,0,74,48,0,1,0,0,0,0,0,0
12726,915,TAMPINES ST 91,13,1983,Y,Y,N,N,N,N,TAP,113,0,0,64,45,0,1,0,0,0,0,3,0
12729,916,TAMPINES ST 91,16,1984,Y,N,N,Y,N,N,TAP,156,0,0,0,156,0,0,0,0,0,0,0,0
12755,921,TAMPINES ST 91,13,1984,Y,Y,N,N,N,N,TAP,132,0,0,0,132,0,0,0,0,0,0,0,0
12756,921A,TAMPINES ST 91,6,2012,N,N,N,N,Y,N,TAP,0,0,0,0,0,0,0,0,0,0,0,0,0
12759,922,TAMPINES ST 91,13,1984,Y,N,N,Y,N,N,TAP,96,0,0,0,18,78,0,0,0,0,0,0,0
12765,924,TAMPINES ST 91,13,1982,Y,N,N,N,N,N,TAP,119,0,0,70,48,0,1,0,0,0,0,0,0
12768,925,TAMPINES ST 91,13,1982,Y,N,N,N,N,N,TAP,120,0,0,72,48,0,0,0,0,0,0,0,0
12773,926,TAMPINES ST 91,9,1983,Y,N,N,N,N,N,TAP,84,0,0,0,20,64,0,0,0,0,0,0,0
12776,927,TAMPINES ST 91,4,1983,Y,N,N,N,N,N,TAP,32,0,0,0,32,0,0,0,0,0,0,0,0
12780,928,TAMPINES ST 91,4,1983,Y,N,N,N,N,N,TAP,32,0,0,0,32,0,0,0,0,0,0,0,0
12784,929,TAMPINES ST 91,13,1984,Y,Y,N,N,N,N,TAP,112,0,0,65,45,0,2,0,0,0,0,0,0
12804,930,TAMPINES ST 91,13,1984,Y,N,N,N,N,N,TAP,119,0,0,70,48,0,1,0,0,0,0,0,0
12808,931,TAMPINES ST 91,4,1984,Y,N,N,N,N,N,TAP,32,0,0,0,32,0,0,0,0,0,0,0,0
12813,932,TAMPINES ST 91,9,1984,Y,N,N,N,N,N,TAP,84,0,0,0,20,64,0,0,0,0,0,0,0
12820,933,TAMPINES ST 91,9,1984,Y,Y,N,N,N,N,TAP,118,0,0,0,118,0,0,0,0,0,0,0,0
12823,934,TAMPINES ST 91,16,1984,Y,N,N,N,N,N,TAP,120,0,0,0,120,0,0,0,0,0,0,0,0
12826,935,TAMPINES ST 91,9,1983,Y,Y,N,Y,N,N,TAP,132,0,0,0,132,0,0,0,0,0,0,0,0
12830,936,TAMPINES AVE 5,11,1988,Y,N,N,N,N,N,TAP,110,0,0,0,58,52,0,0,0,0,0,0,0
12833,937,TAMPINES AVE 5,11,1988,Y,N,N,N,N,N,TAP,50,0,0,0,0,0,50,0,0,0,0,0,0
12836,938,TAMPINES AVE 5,9,1988,Y,Y,N,Y,N,N,TAP,52,0,0,0,0,0,52,0,0,0,0,0,0
12839,939,TAMPINES AVE 5,12,1988,Y,Y,N,N,N,N,TAP,68,0,0,0,34,34,0,0,0,0,0,0,0
12856,940,TAMPINES AVE 5,9,1988,Y,N,N,N,N,N,TAP,88,0,0,0,0,0,88,0,0,0,0,0,0
12859,941,TAMPINES AVE 5,13,1988,Y,N,N,N,N,N,TAP,60,0,0,0,0,0,60,0,0,0,0,0,0
12863,942,TAMPINES AVE 5,13,1988,Y,N,N,Y,N,N,TAP,66,0,0,0,0,0,66,0,0,0,0,0,0
12866,943,TAMPINES AVE 5,9,1988,Y,N,N,Y,N,N,TAP,48,0,0,0,0,0,48,0,0,0,0,0,0
12869,944,TAMPINES AVE 5,11,1988,Y,N,N,N,N,N,TAP,60,0,0,0,0,0,60,0,0,0,0,0,0
12872,945,TAMPINES AVE 4,11,1988,Y,N,N,Y,N,N,TAP,90,0,0,0,54,36,0,0,0,0,0,0,0
12875,946,TAMPINES AVE 4,13,1988,Y,N,N,Y,N,N,TAP,60,0,0,0,36,24,0,0,0,0,0,0,0
12899,951,TAMPINES ST 96,1,2025,N,N,N,N,N,Y,TAP,0,0,0,0,0,0,0,0,0,0,0,0,0
12900,951A,TAMPINES ST 96,17,2024,Y,N,N,N,N,N,TAP,87,0,0,0,45,42,0,0,0,0,0,0,0
12901,951B,TAMPINES ST 96,17,2024,Y,N,N,N,N,N,TAP,87,0,0,0,45,42,0,0,0,0,0,0,0
12902,951C,TAMPINES ST 96,16,2024,Y,N,N,N,N,N,TAP,58,0,0,0,29,29,0,0,0,0,0,0,0
12905,952,TAMPINES ST 96,3,2023,N,N,N,N,Y,N,TAP,0,0,0,0,0,0,0,0,0,0,0,0,0
12906,952A,TAMPINES ST 96,17,2024,Y,N,N,N,N,N,TAP,84,0,0,0,43,41,0,0,0,0,0,0,0
12907,952B,TAMPINES ST 96,17,2024,Y,N,N,N,N,N,TAP,84,0,0,0,43,41,0,0,0,0,0,0,0
12908,952C,TAMPINES ST 96,16,2024,Y,N,N,N,N,N,TAP,55,0,0,0,28,27,0,0,0,0,0,0,0
12911,953,TAMPINES ST 96,1,2025,N,N,N,N,N,Y,TAP,0,0,0,0,0,0,0,0,0,0,0,0,0
12912,953A,TAMPINES ST 96,17,2023,Y,N,N,N,N,N,TAP,62,0,0,0,31,31,0,0,0,0,0,0,0
12913,953B,TAMPINES ST 96,17,2023,Y,N,N,N,N,N,TAP,62,0,0,0,31,31,0,0,0,0,0,0,0
12914,953C,TAMPINES ST 96,17,2023,Y,N,N,N,N,N,TAP,93,0,0,0,47,46,0,0,0,0,0,0,0
12916,954,TAMPINES ST 96,1,2023,N,N,N,N,N,N,TAP,0,0,0,0,0,0,0,0,0,0,0,0,0
12917,954A,TAMPINES ST 96,16,2024,Y,N,N,Y,N,N,TAP,93,0,43,30,20,0,0,0,0,0,0,0,0
12918,954B,TAMPINES ST 96,16,2024,Y,N,N,Y,N,N,TAP,90,0,42,28,20,0,0,0,0,0,0,0,0
12919,954C,TAMPINES ST 96,17,2023,Y,Y,N,N,N,N,TAP,129,0,45,30,54,0,0,0,0,0,0,0,0
12920,954D,TAMPINES ST 96,17,2023,Y,Y,N,N,N,N,TAP,102,0,30,16,56,0,0,0,0,0,0,0,0
12942,960,TAMPINES ST 96,7,2024,N,N,N,N,Y,N,TAP,0,0,0,0,0,0,0,0,0,0,0,0,0
12943,960A,TAMPINES ST 96,13,2025,Y,N,N,N,N,N,TAP,82,0,0,0,46,36,0,0,0,0,0,0,0
12946,961A,TAMPINES ST 96,14,2025,Y,N,N,N,N,N,TAP,144,0,52,0,44,48,0,0,0,0,0,0,0
12947,961B,TAMPINES ST 96,17,2025,Y,N,N,N,N,N,TAP,172,0,0,0,113,59,0,0,0,0,0,0,0
12948,961C,TAMPINES ST 96,17,2025,Y,N,N,N,N,N,TAP,165,0,0,0,96,69,0,0,0,0,0,0,0
12953,962A,TAMPINES ST 96,17,2025,Y,N,N,N,N,N,TAP,187,0,94,0,61,32,0,0,0,0,0,0,0
12956,963,TAMPINES ST 96,7,2025,N,N,N,N,Y,N,TAP,0,0,0,0,0,0,0,0,0,0,0,0,0
12957,963A,TAMPINES ST 96,17,2025,Y,N,N,N,N,N,TAP,127,0,0,0,95,32,0,0,0,0,0,0,0
12958,963B,TAMPINES ST 96,17,2025,Y,N,N,Y,N,N,TAP,191,0,0,32,95,64,0,0,0,0,0,0,0
